episode,steps,X,Y,yaw,steer,throttle,action,reward,done,all_wheels_on_track,progress,closest_waypoint,track_len,tstamp,episode_status,pause_duration,obstacle_crash_counter
200,1.0,-1.443326750374484,-1.7131250441852979,178.96253510007315,0.0,4.0,5,0.0,False,True,0.8442695018748227,1,16.598090036588506,548.864,prepare,0.0,0
200,2.0,-1.44319448836793,-1.7132971322473551,179.0010546800784,-15.0,4.0,3,52.98749847100075,False,True,0.8434665395971579,1,16.598090036588506,548.931,in_progress,0.0,0
200,3.0,-1.4525914801247946,-1.7116341864784006,178.77235230018957,-30.0,4.0,1,52.826713071714856,False,True,0.9001396416711377,1,16.598090036588506,548.995,in_progress,0.0,0
200,4.0,-1.4706704291338217,-1.706798827424647,177.83188715305744,-15.0,2.0,2,52.35377912653046,False,True,1.0092317176286134,1,16.598090036588506,549.066,in_progress,0.0,0
200,5.0,-1.5045313231123034,-1.6970943074976301,175.93876237298906,0.0,4.0,5,64.25398143087523,False,True,1.2135783482194085,2,16.598090036588506,549.135,in_progress,0.0,0
200,6.0,-1.555332468075085,-1.680718916775305,173.06961731110042,-15.0,2.0,2,49.795441955563966,False,True,1.5202220930118293,2,16.598090036588506,549.199,in_progress,0.0,0
200,7.0,-1.6094083929768916,-1.6600873136619236,169.78995655232433,0.0,2.0,4,47.76400374539424,False,True,1.8467468521958401,2,16.598090036588506,549.263,in_progress,0.0,0
200,8.0,-1.682293962308707,-1.637674764443039,167.68406019457544,30.0,2.0,8,45.56549580448688,False,True,2.2866571757178504,3,16.598090036588506,549.332,in_progress,0.0,0
200,9.0,-1.771564812232161,-1.6253663262342632,169.24097349947604,-15.0,2.0,2,44.26573814905508,False,True,2.8149971774865437,3,16.598090036588506,549.393,in_progress,0.0,0
200,10.0,-1.8609430901670874,-1.6213962149769885,171.97915828563345,-15.0,4.0,3,43.60582931141514,False,True,3.353121001507877,3,16.598090036588506,549.456,in_progress,0.0,0
200,11.0,-1.9758100206236757,-1.5985455348350806,170.57071133167986,-30.0,4.0,1,40.99014837816246,False,True,4.043297998115166,4,16.598090036588506,549.531,in_progress,0.0,0
200,12.0,-2.0899436507379843,-1.554231921696043,165.17989671141697,-30.0,4.0,1,37.01484179621879,False,True,4.9787429140263555,4,16.598090036588506,549.609,in_progress,0.0,0
200,13.0,-2.2247651758637317,-1.4761733056715816,156.65539466424613,0.0,4.0,5,40.92919789157022,False,True,5.883701545499247,5,16.598090036588506,549.662,in_progress,0.0,0
200,14.0,-2.3424464005082233,-1.3988207114478244,150.02125230235893,-30.0,2.0,0,34.72409369017115,False,True,7.370781068771018,6,16.598090036588506,549.729,in_progress,0.0,0
200,15.0,-2.4734920003319782,-1.3197233645745383,147.09235563794851,-30.0,4.0,1,41.0750637628204,False,True,8.515116479169068,6,16.598090036588506,549.794,in_progress,0.0,0
200,16.0,-2.5938727089875337,-1.234117427665602,145.35970049836038,0.0,4.0,5,61.153507959486156,False,True,9.276015138504372,7,16.598090036588506,549.865,in_progress,0.0,0
200,17.0,-2.7401262616307,-1.126238856427634,144.40834640520654,-15.0,4.0,3,46.84791453622719,False,True,10.16695652363611,7,16.598090036588506,549.934,in_progress,0.0,0
200,18.0,-2.878608203786609,-1.0292539344035125,144.6906341316581,-30.0,4.0,1,35.875340637953016,False,True,10.939587463491401,7,16.598090036588506,549.996,in_progress,0.0,0
200,19.0,-3.0296533998170307,-0.9059356702388456,142.02537808873774,-15.0,4.0,3,24.36575290744948,False,True,11.877007639984019,8,16.598090036588506,550.061,in_progress,0.0,0
200,20.0,-3.1710137857518497,-0.7668857245091399,137.40462310473492,-30.0,4.0,1,13.111148907164221,False,True,12.75580472699452,8,16.598090036588506,550.134,in_progress,0.0,0
200,21.0,-3.3308548259589204,-0.5753065318343376,129.71680213908846,-15.0,4.0,3,0.0009091670671201425,False,False,14.035385889021413,9,16.598090036588506,550.196,in_progress,0.0,0
200,22.0,-3.456286850780357,-0.39972619935192427,123.16824054958275,15.0,4.0,7,0.1,False,False,15.209073637239726,10,16.598090036588506,550.266,in_progress,0.0,0
200,23.0,-3.578947836999771,-0.2224819028435494,118.71935348222837,0.0,2.0,4,0.1,True,False,16.541912683730498,11,16.598090036588506,550.337,off_track,0.0,0
201,1.0,-2.2659734652422854,-1.6588829248882377,165.32469635069114,-30.0,4.0,1,0.0,False,True,0.8448038800075531,5,16.598090036588506,550.465,prepare,0.0,0
201,2.0,-2.265747976493743,-1.6588954920655241,165.31478359886592,0.0,4.0,5,64.30066178672705,False,True,0.8434705420406037,5,16.598090036588506,550.529,in_progress,0.0,0
201,3.0,-2.271539218034444,-1.6587394086469143,165.5006619353458,0.0,4.0,5,64.15390174887406,False,True,0.8774601675114991,5,16.598090036588506,550.595,in_progress,0.0,0
201,4.0,-2.288693370660475,-1.6549506061256445,165.55099023333113,0.0,4.0,5,64.136394957317,False,True,0.9832209770609952,5,16.598090036588506,550.663,in_progress,0.0,0
201,5.0,-2.3242143786019933,-1.6483020893293272,166.07457622638248,-15.0,4.0,3,51.20993561590662,False,True,1.2003911733706956,5,16.598090036588506,550.727,in_progress,0.0,0
201,6.0,-2.371660236616359,-1.632786961028562,165.21061669743938,-15.0,4.0,3,49.945740677326185,False,True,1.4698325671924084,5,16.598090036588506,550.795,in_progress,0.0,0
201,7.0,-2.4323152367901733,-1.6073297813986283,163.1051171306608,0.0,4.0,5,58.831605940603914,False,True,1.8326896034515359,5,16.598090036588506,550.86,in_progress,0.0,0
201,8.0,-2.5161889273779723,-1.5751836605833434,161.64184864528565,30.0,4.0,9,43.158382337525644,False,True,2.321096831208695,6,16.598090036588506,550.922,in_progress,0.0,0
201,9.0,-2.6036265147437647,-1.5543571170340884,163.38205857718125,-30.0,4.0,1,38.51988509973113,False,True,2.7748368370153083,6,16.598090036588506,550.991,in_progress,0.0,0
201,10.0,-2.704084554787955,-1.5307694479191047,164.48398324739276,-30.0,4.0,1,33.39309395254495,False,True,3.1702010492663093,6,16.598090036588506,551.071,in_progress,0.0,0
201,11.0,-2.844154074859363,-1.4652763123909134,159.24206459005197,-15.0,4.0,3,23.77374489261917,False,True,3.594717186188212,6,16.598090036588506,551.134,in_progress,0.0,0
201,12.0,-2.9544434697612183,-1.3894198003036546,152.46410769544448,0.0,4.0,5,21.066591379362755,False,True,4.277596529609273,7,16.598090036588506,551.202,in_progress,0.0,0
201,13.0,-3.0707670880683233,-1.2963321949450743,145.8525884044437,30.0,2.0,8,10.162073419031337,False,True,5.022578783167239,7,16.598090036588506,551.266,in_progress,0.0,0
201,14.0,-3.187428235702541,-1.210189928804709,142.05785865360787,30.0,2.0,8,0.0014303760251758724,False,False,5.343897420832458,7,16.598090036588506,551.331,in_progress,0.0,0
201,15.0,-3.318763060025492,-1.1293322687303162,143.21103233440456,-15.0,2.0,2,0.1,False,False,6.011730607954805,8,16.598090036588506,551.387,in_progress,0.0,0
201,16.0,-3.429478143721133,-1.0659876390639151,146.13749900177407,30.0,2.0,8,0.1,False,False,6.546587201514775,8,16.598090036588506,551.46,in_progress,0.0,0
201,17.0,-3.547295973690615,-0.9938394235669337,147.4433008665293,30.0,2.0,8,0.1,True,False,6.877007639984018,8,16.598090036588506,551.532,off_track,0.0,0
202,1.0,-2.7301945145789603,-1.0094940959276422,113.40368398245315,15.0,2.0,6,0.0,False,True,0.8336260859050024,7,16.598090036588506,551.666,prepare,0.0,0
202,2.0,-2.729953871200411,-1.0094816484663158,113.34046084830555,-15.0,4.0,3,50.759509839739536,False,True,0.8333399118280571,7,16.598090036588506,551.726,in_progress,0.0,0
202,3.0,-2.738291874722031,-1.002698612236861,114.66500439538258,-30.0,2.0,0,50.12351363992894,False,True,0.8853679950797638,7,16.598090036588506,551.797,in_progress,0.0,0
202,4.0,-2.7448375938236436,-0.974390209758276,113.2768494124946,-15.0,4.0,3,50.20333644873358,False,True,1.0603744733078748,8,16.598090036588506,551.859,in_progress,0.0,0
202,5.0,-2.7532629808589153,-0.9400406514770149,111.96962278388047,-15.0,4.0,3,50.25347313250088,False,True,1.273448109000233,8,16.598090036588506,551.93,in_progress,0.0,0
202,6.0,-2.768655743977254,-0.8832641809113181,110.32039461747715,-30.0,4.0,1,50.19443192259754,False,True,1.6278246976556456,8,16.598090036588506,551.997,in_progress,0.0,0
202,7.0,-2.777823241459105,-0.8122466424567153,106.50921223208144,15.0,2.0,6,50.89936596968758,False,True,2.0484251373592057,8,16.598090036588506,552.062,in_progress,0.0,0
202,8.0,-2.7855777562488067,-0.7363604604968087,102.73604039246842,30.0,4.0,9,51.54958202507508,False,True,2.5063650102543242,8,16.598090036588506,552.128,in_progress,0.0,0
202,9.0,-2.807912096394219,-0.646508752407045,103.14020142595358,0.0,2.0,4,51.02715715404972,False,True,3.063259807586738,9,16.598090036588506,552.193,in_progress,0.0,0
202,10.0,-2.837785469002133,-0.5453877621901364,104.25165987559271,30.0,2.0,8,49.97370039124174,False,True,3.69528850756837,9,16.598090036588506,552.27,in_progress,0.0,0
202,11.0,-2.872058672244315,-0.44323775283807865,105.95330026811271,30.0,2.0,8,48.39008566126752,False,True,4.335428491763693,9,16.598090036588506,552.328,in_progress,0.0,0
202,12.0,-2.9232572136408432,-0.347307070320194,110.79660648550484,-15.0,4.0,3,45.02406732805795,False,True,4.958426818457743,10,16.598090036588506,552.391,in_progress,0.0,0
202,13.0,-2.9825687591136987,-0.2425275613025008,114.33588405411022,-30.0,4.0,1,41.055142481800324,False,True,5.668430702831251,10,16.598090036588506,552.47,in_progress,0.0,0
202,14.0,-3.0342474873486465,-0.10535231072089893,112.34466013023362,-30.0,4.0,1,38.8878364821443,False,True,6.541870528229363,11,16.598090036588506,552.524,in_progress,0.0,0
202,15.0,-3.0620512492103344,0.031148059398644942,106.85696378580667,-30.0,4.0,1,39.04043466414772,False,True,7.38109371837154,11,16.598090036588506,552.595,in_progress,0.0,0
202,16.0,-3.0748024592786427,0.19029737846116948,99.11410328732475,30.0,4.0,9,41.60675241370835,False,True,8.356329887574832,11,16.598090036588506,552.665,in_progress,0.0,0
202,17.0,-3.0824030389512584,0.36601457327719955,91.84550845364987,30.0,2.0,8,45.069337943976606,False,True,9.388039634258813,12,16.598090036588506,552.728,in_progress,0.0,0
202,18.0,-3.1004106673079064,0.5227399814052422,89.0379296343687,-30.0,2.0,0,46.82772188073373,False,True,10.33233308786613,13,16.598090036588506,552.793,in_progress,0.0,0
202,19.0,-3.1203148880109586,0.6765091143272873,89.18582259663381,-30.0,4.0,1,48.14369749265397,False,True,11.233295713657427,13,16.598090036588506,552.868,in_progress,0.0,0
202,20.0,-3.122925568469758,0.8429100083010866,88.8230732001476,-30.0,4.0,1,49.63995327600983,False,True,12.229755496530156,14,16.598090036588506,552.942,in_progress,0.0,0
202,21.0,-3.1007411099643964,1.026626027832241,85.19611338231068,-30.0,4.0,1,52.32137389222529,False,True,13.325896180558564,14,16.598090036588506,552.997,in_progress,0.0,0
202,22.0,-3.0537468838274644,1.2036932446776538,78.56214085626894,-30.0,4.0,1,50.79873369069895,False,True,14.4264742763513,15,16.598090036588506,553.073,in_progress,0.0,0
202,23.0,-2.986690767912569,1.3762949794107655,70.44775041223913,-30.0,4.0,1,51.15051287182217,False,True,15.581568961331962,15,16.598090036588506,553.131,in_progress,0.0,0
202,24.0,-2.898729358485922,1.5487072421093253,60.66914404109258,-15.0,4.0,3,50.40784889368132,False,True,16.702870123406267,16,16.598090036588506,553.198,in_progress,0.0,0
202,25.0,-2.796263332732396,1.7096105237827666,49.94032276864435,-30.0,4.0,1,41.01479699043128,False,True,17.71399895544561,17,16.598090036588506,553.269,in_progress,0.0,0
202,26.0,-2.6599098328896194,1.8814045626025329,36.251751926136265,30.0,4.0,9,32.1181728206439,False,True,18.525208144702475,17,16.598090036588506,553.344,in_progress,0.0,0
202,27.0,-2.5178760003368996,2.0502982227186743,25.994618295486152,0.0,2.0,4,17.460533738981432,False,True,19.471980645623585,18,16.598090036588506,553.408,in_progress,0.0,0
202,28.0,-2.396098238606172,2.210074872251439,21.58506704447066,-30.0,4.0,1,0.003705848810922202,False,False,20.326480884991447,18,16.598090036588506,553.469,in_progress,0.0,0
202,29.0,-2.278138999029185,2.35411757798225,18.563645335671772,0.0,2.0,4,0.1,False,False,20.707532423063583,18,16.598090036588506,553.538,in_progress,0.0,0
202,30.0,-2.1406717282243886,2.4975856768796243,12.281963530591177,30.0,2.0,8,0.1,True,False,21.549628738501017,19,16.598090036588506,553.605,off_track,0.0,0
203,1.0,-2.870485688525707,-0.18842589801528933,100.0501229503355,-15.0,2.0,2,0.0,False,True,0.8451253489026644,10,16.598090036588506,553.731,prepare,0.0,0
203,2.0,-2.8704748159374547,-0.1887328056531318,100.0714280454522,0.0,4.0,5,66.04772735064097,False,True,0.843303850429547,10,16.598090036588506,553.798,in_progress,0.0,0
203,3.0,-2.87164604252907,-0.1782972974498294,99.8389486506841,-15.0,4.0,3,52.73336591442571,False,True,0.9062539217497362,10,16.598090036588506,553.867,in_progress,0.0,0
203,4.0,-2.8736826896020373,-0.15344100931870416,99.38519347346457,-15.0,4.0,3,52.41007808499688,False,True,1.0552404891993024,10,16.598090036588506,553.931,in_progress,0.0,0
203,5.0,-2.8742120688358566,-0.11528116653349532,98.00154235415386,15.0,2.0,6,51.65982965539905,False,True,1.2806775552481775,10,16.598090036588506,553.995,in_progress,0.0,0
203,6.0,-2.881070118973753,-0.06662924353583241,97.92826791876298,-15.0,2.0,2,51.30780153625778,False,True,1.5759306452414745,11,16.598090036588506,554.062,in_progress,0.0,0
203,7.0,-2.889995285016832,-0.0055018231719871635,97.93968580656976,-15.0,2.0,2,50.895671032665255,False,True,1.9472844010501311,11,16.598090036588506,554.13,in_progress,0.0,0
203,8.0,-2.886318677076293,0.07346675756663573,94.70128668215122,-15.0,4.0,3,48.876686415811285,False,True,2.407762769895805,11,16.598090036588506,554.185,in_progress,0.0,0
203,9.0,-2.876078244135746,0.15497703673425497,90.95946562859255,-15.0,2.0,2,45.94354082150352,False,True,2.861951943212046,11,16.598090036588506,554.254,in_progress,0.0,0
203,10.0,-2.849200353631224,0.2629114291116407,84.85316480547614,15.0,4.0,7,40.7414461727709,False,True,3.4542357888906694,12,16.598090036588506,554.338,in_progress,0.0,0
203,11.0,-2.818043979935546,0.3921803662969395,80.55989516153919,-15.0,4.0,3,34.61149114514798,False,True,4.165089697567382,12,16.598090036588506,554.398,in_progress,0.0,0
203,12.0,-2.7899724196406623,0.5096759933868942,78.32015513041505,0.0,4.0,5,36.461567304149575,False,True,4.832409402936114,12,16.598090036588506,554.474,in_progress,0.0,0
203,13.0,-2.7414929739689464,0.6574235249766391,74.72769173798068,30.0,2.0,8,21.07443856808911,False,True,5.633366453008098,13,16.598090036588506,554.533,in_progress,0.0,0
203,14.0,-2.705836200512487,0.7931803432821536,74.6735269850909,-30.0,2.0,0,14.926788972848225,False,True,6.614528020238156,13,16.598090036588506,554.603,in_progress,0.0,0
203,15.0,-2.6734802362349286,0.9305600510324026,75.67147621699368,-30.0,2.0,0,9.698261035687006,False,True,7.4108855151146455,14,16.598090036588506,554.671,in_progress,0.0,0
203,16.0,-2.62588765584072,1.0679787663541322,73.25843406815628,30.0,2.0,8,0.0062642808267534215,False,False,9.093959492144798,15,16.598090036588506,554.73,in_progress,0.0,0
203,17.0,-2.580751528066375,1.1919422994970639,71.87624869459323,-15.0,4.0,3,0.006845938073453534,False,False,10.923214651483443,16,16.598090036588506,554.793,in_progress,0.0,0
203,18.0,-2.535288844394769,1.3390936453918953,71.92523486029754,-30.0,4.0,1,0.017196616824281658,False,False,13.000914137649511,17,16.598090036588506,554.861,in_progress,0.0,0
203,19.0,-2.467157848099407,1.491233928255751,68.1960818315588,0.0,2.0,4,31.15192413904588,False,True,14.329599099550478,17,16.598090036588506,554.94,in_progress,0.0,0
203,20.0,-2.3845328663054097,1.6563031111334308,64.13061210473501,-15.0,4.0,3,46.76755038257212,False,True,14.954497527774645,18,16.598090036588506,554.994,in_progress,0.0,0
203,21.0,-2.3201333877747117,1.7946626214285877,64.29881454680913,-15.0,2.0,2,45.8211264828245,False,True,15.399990559526671,18,16.598090036588506,555.062,in_progress,0.0,0
203,22.0,-2.238745234939996,1.93534608782976,61.89951283591167,-15.0,2.0,2,31.932528165808527,False,True,15.903994662836652,18,16.598090036588506,555.14,in_progress,0.0,0
203,23.0,-2.147967496469812,2.0715906093362535,58.787060347606875,30.0,2.0,8,18.48418955314477,False,True,16.46412866783427,19,16.598090036588506,555.202,in_progress,0.0,0
203,24.0,-2.065992859473661,2.198462331814411,57.86828207356403,-15.0,2.0,2,5.95612098106661,False,True,16.97031859301538,19,16.598090036588506,555.271,in_progress,0.0,0
203,25.0,-1.9887149120312382,2.3308473764736326,58.80627805429278,0.0,4.0,5,0.125,False,False,17.451434733804618,19,16.598090036588506,555.337,in_progress,0.0,0
203,26.0,-1.912659896235425,2.4512401656609275,58.29392861872755,-15.0,2.0,2,0.1,False,False,17.92186399333,19,16.598090036588506,555.402,in_progress,0.0,0
203,27.0,-1.8256508202000004,2.581863259202431,57.40432938343641,15.0,2.0,6,0.1,True,False,18.459323142666335,20,16.598090036588506,555.467,off_track,0.0,0
204,1.0,-3.0598882293132506,0.6194039046064068,103.04055241645861,15.0,2.0,6,0.0,False,True,0.8443552393532006,13,16.598090036588506,555.594,prepare,0.0,0
204,2.0,-3.059869991185323,0.6192573880269475,103.07943610513674,0.0,4.0,5,66.17782364562758,False,True,0.8434705420406002,13,16.598090036588506,555.663,in_progress,0.0,0
204,3.0,-3.061343491086598,0.6224934930614442,103.36875979472534,-30.0,4.0,1,52.8712025669083,False,True,0.8644705916705325,13,16.598090036588506,555.735,in_progress,0.0,0
204,4.0,-3.0583126017651643,0.6364710655389214,101.78456379552327,-30.0,4.0,1,52.39742030744628,False,True,0.9423654598015696,13,16.598090036588506,555.802,in_progress,0.0,0
204,5.0,-3.0489034791809617,0.6700459324034329,97.88972394625854,-30.0,4.0,1,50.707049048446805,False,True,1.1265706411976968,13,16.598090036588506,555.874,in_progress,0.0,0
204,6.0,-3.031304425252975,0.7154980667220835,92.36092403487963,-30.0,2.0,0,48.27109907884543,False,True,1.3984376967102556,13,16.598090036588506,555.932,in_progress,0.0,0
204,7.0,-3.001078707467595,0.769775779796634,84.94055770634577,0.0,2.0,4,44.47984058935553,False,True,1.6997732804173826,13,16.598090036588506,555.997,in_progress,0.0,0
204,8.0,-2.9683505976114066,0.835239489630617,78.68075668823272,-15.0,4.0,3,40.27592884043017,False,True,2.0660521960531195,13,16.598090036588506,556.061,in_progress,0.0,0
204,9.0,-2.9376756791455043,0.9138078932433947,75.26177596351727,30.0,4.0,9,36.10390012970433,False,True,2.512214819051675,14,16.598090036588506,556.135,in_progress,0.0,0
204,10.0,-2.9089436857478783,1.0269067816197148,75.43615052924184,15.0,2.0,6,33.46352825219271,False,True,3.538852740365403,14,16.598090036588506,556.196,in_progress,0.0,0
204,11.0,-2.905382054689761,1.1292876788593151,80.11914020860658,-30.0,2.0,0,34.851423370536715,False,True,4.149200315369233,15,16.598090036588506,556.272,in_progress,0.0,0
204,12.0,-2.9005202300287958,1.2387279341038844,83.37823817321282,-15.0,4.0,3,37.006336286531095,False,True,5.149698443206619,15,16.598090036588506,556.33,in_progress,0.0,0
204,13.0,-2.8828039334454973,1.3483455710963101,82.30371178766194,15.0,4.0,7,40.780383219259086,False,True,5.767538225515673,15,16.598090036588506,556.408,in_progress,0.0,0
204,14.0,-2.854320515804724,1.506507465189813,80.8962227651965,-15.0,4.0,3,47.350219998164505,False,True,6.81283552814162,16,16.598090036588506,556.468,in_progress,0.0,0
204,15.0,-2.8382209081430982,1.6243859018852378,81.51448961053701,0.0,4.0,5,57.998818228510146,False,True,7.2432531259101545,16,16.598090036588506,556.538,in_progress,0.0,0
204,16.0,-2.8074128681376087,1.7809439089134573,79.96801188851869,15.0,4.0,7,34.32785593836975,False,True,7.864510343500092,17,16.598090036588506,556.594,in_progress,0.0,0
204,17.0,-2.7822296759726415,1.942833146938037,80.72940156451442,0.0,2.0,4,21.94481134733658,False,True,8.471798769305078,17,16.598090036588506,556.66,in_progress,0.0,0
204,18.0,-2.760027610240447,2.0951445094485224,81.31085356156134,-15.0,2.0,2,8.92728064898652,False,True,8.525208144702473,17,16.598090036588506,556.739,in_progress,0.0,0
204,19.0,-2.7224913352633133,2.2868942853042555,79.79884487890183,-30.0,4.0,1,0.1,False,False,8.525208144702473,17,16.598090036588506,556.797,in_progress,0.0,0
204,20.0,-2.683089651979056,2.428823989010465,76.9206224381887,-15.0,2.0,2,0.1,False,False,8.786815227974564,17,16.598090036588506,556.867,in_progress,0.0,0
204,21.0,-2.6312691726696382,2.5601241536680894,71.90397356055354,-15.0,4.0,3,0.1,True,False,9.200856521873979,17,16.598090036588506,556.935,off_track,0.0,0
205,1.0,-2.967461881816479,1.4155947670643056,58.309215444869494,-30.0,4.0,1,0.0,False,True,0.8438794612887823,16,16.598090036588506,557.063,prepare,0.0,0
205,2.0,-2.9674070888554285,1.4154810823672936,58.268075826176954,-30.0,4.0,1,51.4939873588672,False,True,0.8434705420405975,16,16.598090036588506,557.12,in_progress,0.0,0
205,3.0,-2.966724627449817,1.4204215064215813,58.857249819611624,-15.0,4.0,3,51.289383317636684,False,True,0.8709487526401827,16,16.598090036588506,557.203,in_progress,0.0,0
205,4.0,-2.9542521301211297,1.4339250218000237,58.18662276216087,-30.0,4.0,1,51.341161572211455,False,True,0.9796651223518305,16,16.598090036588506,557.264,in_progress,0.0,0
205,5.0,-2.926230448560631,1.4511546068768821,54.70284455465088,-30.0,4.0,1,49.895901552570095,False,True,1.1567454753981243,16,16.598090036588506,557.336,in_progress,0.0,0
205,6.0,-2.877314627209052,1.4715760719049868,48.12284167828522,-30.0,4.0,1,46.93189852393661,False,True,1.4163891437123821,16,16.598090036588506,557.398,in_progress,0.0,0
205,7.0,-2.815928155160954,1.488831596549535,40.136254533068694,-30.0,4.0,1,43.82499660022868,False,True,1.963054913760065,16,16.598090036588506,557.462,in_progress,0.0,0
205,8.0,-2.7368794061223483,1.5008943792081175,30.615798245984056,-30.0,4.0,1,40.87368945368956,False,True,2.4144555197295468,16,16.598090036588506,557.528,in_progress,0.0,0
205,9.0,-2.6353145844369745,1.500117869220114,18.923788050842372,-15.0,2.0,2,36.077274132643836,False,True,2.9467038079172445,17,16.598090036588506,557.596,in_progress,0.0,0
205,10.0,-2.5416570027400964,1.4901617229854491,9.130451283192182,30.0,2.0,8,31.989661826566472,False,True,3.8838425842474713,17,16.598090036588506,557.668,in_progress,0.0,0
205,11.0,-2.422928545406269,1.4854275523278884,1.9468427281491785,0.0,4.0,5,37.66914176898781,False,True,4.589108219759336,18,16.598090036588506,557.73,in_progress,0.0,0
205,12.0,-2.3212727900429915,1.4898751017273977,-0.2579566025581895,15.0,2.0,6,29.570263882853105,False,True,5.199729912570805,18,16.598090036588506,557.805,in_progress,0.0,0
205,13.0,-2.1914417561567903,1.490868967404584,-2.5811534257391737,0.0,4.0,5,36.78772112879761,False,True,6.145597768963235,18,16.598090036588506,557.875,in_progress,0.0,0
205,14.0,-2.0517546371623965,1.487289617511961,-2.599971456621807,15.0,2.0,6,28.887237809535865,False,True,6.986723854647936,19,16.598090036588506,557.937,in_progress,0.0,0
205,15.0,-1.9240231481834595,1.4839694481462835,-2.032204234341018,15.0,4.0,7,28.35446001058979,False,True,7.75475585395421,19,16.598090036588506,557.999,in_progress,0.0,0
205,16.0,-1.7895842591473694,1.48869329342798,0.016418836627029587,0.0,4.0,5,35.74894979586146,False,True,8.56508760523792,20,16.598090036588506,558.069,in_progress,0.0,0
205,17.0,-1.6248354269184735,1.493559791302172,0.861438346428137,-30.0,2.0,0,28.791351315018616,False,True,9.556981489137517,20,16.598090036588506,558.124,in_progress,0.0,0
205,18.0,-1.4750637500152448,1.4880695875088983,-0.4005124535521505,30.0,4.0,9,27.95939562530707,False,True,10.458600409889025,21,16.598090036588506,558.192,in_progress,0.0,0
205,19.0,-1.328318270066291,1.482470180682344,-1.2736509053062424,-15.0,2.0,2,27.46881395445581,False,True,11.45945911564581,21,16.598090036588506,558.252,in_progress,0.0,0
205,20.0,-1.1603266905572864,1.4871836258883129,0.3616021596684776,-15.0,2.0,2,28.622427548063634,False,True,12.468166290638417,22,16.598090036588506,558.329,in_progress,0.0,0
205,21.0,-1.0013044543156824,1.481451456410698,-0.9877695198809722,30.0,4.0,9,33.58293731335584,False,True,13.855706542844365,23,16.598090036588506,558.389,in_progress,0.0,0
205,22.0,-0.8664876712898056,1.4752947571965613,-1.3037241941067719,-30.0,2.0,0,39.015549960075305,False,True,14.898440448787953,23,16.598090036588506,558.462,in_progress,0.0,0
205,23.0,-0.7048882650632137,1.471605075043552,-1.3773449730656901,-15.0,4.0,3,49.59892453405077,False,True,15.64060948259044,24,16.598090036588506,558.535,in_progress,0.0,0
205,24.0,-0.5210879593117695,1.4546917810552944,-3.8667022872850274,0.0,4.0,5,55.953821727014926,False,True,16.488388132535636,24,16.598090036588506,558.604,in_progress,0.0,0
205,25.0,-0.34310261347065263,1.4203682712360541,-8.223259573124894,15.0,2.0,6,33.20678375480875,False,True,17.29495800463,24,16.598090036588506,558.675,in_progress,0.0,0
205,26.0,-0.17008417202482182,1.3881003869958195,-10.22686726416741,-15.0,4.0,3,21.894029009850723,False,True,18.103701878393874,25,16.598090036588506,558.728,in_progress,0.0,0
205,27.0,-0.008184247206581202,1.3586883404291354,-10.656340431793355,-30.0,4.0,1,10.849940984265395,False,True,18.736826837735805,25,16.598090036588506,558.794,in_progress,0.0,0
205,28.0,0.1747062170559485,1.3037989189106451,-14.589250534964178,30.0,2.0,8,0.1,False,False,19.657101435030743,26,16.598090036588506,558.867,in_progress,0.0,0
205,29.0,0.34404869141533145,1.2393110045747926,-20.64421397550946,15.0,2.0,6,0.1,False,False,20.88691257769486,26,16.598090036588506,558.936,in_progress,0.0,0
205,30.0,0.49717085509055503,1.190554179570286,-22.092010538714323,15.0,4.0,7,0.1,True,False,21.714857965430973,27,16.598090036588506,559.004,off_track,0.0,0
206,1.0,-2.245849644067982,1.7342535397807513,7.615380082843715,15.0,2.0,6,0.0,False,True,0.8415836997357096,18,16.598090036588506,559.13,prepare,0.0,0
206,2.0,-2.246059270389319,1.734174524575079,7.596466642820182,0.0,4.0,5,65.04011997677961,False,True,0.8403132038537764,18,16.598090036588506,559.199,in_progress,0.0,0
206,3.0,-2.239104022031537,1.7360861849632605,8.004643393582777,-30.0,4.0,1,51.854271099927864,False,True,0.8823980779774143,18,16.598090036588506,559.269,in_progress,0.0,0
206,4.0,-2.2160925775884177,1.72855208227325,5.386592434830404,0.0,4.0,5,65.81446616404378,False,True,1.0202841641805072,18,16.598090036588506,559.33,in_progress,0.0,0
206,5.0,-2.1854830412631876,1.7222825131690118,3.118705282927797,30.0,2.0,8,52.56170829280824,False,True,1.2040644949693369,18,16.598090036588506,559.404,in_progress,0.0,0
206,6.0,-2.139978574968477,1.7327319669049273,4.424912079677029,30.0,2.0,8,52.37928281159232,False,True,1.4792026105003686,19,16.598090036588506,559.465,in_progress,0.0,0
206,7.0,-2.0952122851835804,1.760850177180666,10.192949442762737,-30.0,2.0,0,49.65361251529395,False,True,1.7516173116334133,19,16.598090036588506,559.523,in_progress,0.0,0
206,8.0,-2.039059002959572,1.7949466917004968,15.745753021351204,-30.0,2.0,0,46.352004574411566,False,True,2.093210362277947,19,16.598090036588506,559.594,in_progress,0.0,0
206,9.0,-1.9675639855676144,1.8168601176650656,16.079618576002254,-30.0,4.0,1,44.28753384169076,False,True,2.526422237974696,19,16.598090036588506,559.666,in_progress,0.0,0
206,10.0,-1.8817245270857361,1.8244947142536687,12.43112434600787,-30.0,4.0,1,43.66948870260472,False,True,3.0442914893675677,19,16.598090036588506,559.73,in_progress,0.0,0
206,11.0,-1.778282339983713,1.8143395885916362,5.431742309893794,-30.0,4.0,1,44.85995799362957,False,True,3.6663838162754425,20,16.598090036588506,559.793,in_progress,0.0,0
206,12.0,-1.6700345694394871,1.7846416758633878,-3.2940781160606964,-15.0,4.0,3,48.010404683278175,False,True,4.3156451082728475,20,16.598090036588506,559.866,in_progress,0.0,0
206,13.0,-1.5495121681163615,1.731924800441651,-13.908397696585796,-15.0,2.0,2,52.48127135947528,False,True,5.036051406474362,21,16.598090036588506,559.935,in_progress,0.0,0
206,14.0,-1.4283643242942705,1.6615456212084807,-25.144841542240883,-30.0,2.0,0,45.21566400929583,False,True,5.758348104763939,21,16.598090036588506,560.002,in_progress,0.0,0
206,15.0,-1.3216090983992392,1.5865934204515355,-34.10078355612979,0.0,4.0,5,47.37627178770993,False,True,6.4630258118510975,21,16.598090036588506,560.076,in_progress,0.0,0
206,16.0,-1.2082890441049563,1.4967186109886736,-42.36962013794586,30.0,4.0,9,29.290391848765946,False,True,7.176331865310898,22,16.598090036588506,560.133,in_progress,0.0,0
206,17.0,-1.1004126677018904,1.4177929415724457,-46.23801128204678,15.0,2.0,6,23.899424502642162,False,True,8.451431584670626,22,16.598090036588506,560.202,in_progress,0.0,0
206,18.0,-0.9653051663393188,1.3379854980596835,-45.7570819673189,15.0,2.0,6,22.164433811879196,False,True,10.003516797649587,23,16.598090036588506,560.26,in_progress,0.0,0
206,19.0,-0.851694493426704,1.2793230447286894,-42.452089100980565,0.0,4.0,5,31.894548313577097,False,True,10.749824805590634,24,16.598090036588506,560.337,in_progress,0.0,0
206,20.0,-0.6978251036975509,1.2073697064936368,-33.42196734009765,-30.0,4.0,1,31.592551989904315,False,True,11.94135165491666,24,16.598090036588506,560.405,in_progress,0.0,0
206,21.0,-0.5553353921385706,1.1402108891477054,-27.39323281118979,15.0,2.0,6,38.47970902627634,False,True,12.797044942545638,25,16.598090036588506,560.477,in_progress,0.0,0
206,22.0,-0.40543116730181794,1.0622713684396248,-25.60116593586838,-30.0,4.0,1,45.54301333791266,False,True,13.75303051797615,25,16.598090036588506,560.537,in_progress,0.0,0
206,23.0,-0.2631833522757278,0.9897375331317402,-25.937532770708806,-30.0,4.0,1,52.66977788249591,False,True,14.61347744410229,26,16.598090036588506,560.605,in_progress,0.0,0
206,24.0,-0.12462880962724622,0.8955346297915214,-30.719712306551763,-30.0,2.0,0,48.219508509448026,False,True,15.590493701267839,26,16.598090036588506,560.667,in_progress,0.0,0
206,25.0,0.0065816569463459235,0.7869869992757367,-37.08540616342693,-30.0,4.0,1,45.49296749268448,False,True,16.603017656433504,27,16.598090036588506,560.738,in_progress,0.0,0
206,26.0,0.1374773235848878,0.6637286947001589,-42.161087961150265,-30.0,2.0,0,43.402796896804695,False,True,17.663036074338383,27,16.598090036588506,560.797,in_progress,0.0,0
206,27.0,0.2412595431913253,0.5474404095540004,-46.99376954205523,15.0,2.0,6,42.71232533743149,False,True,18.601225576741605,28,16.598090036588506,560.878,in_progress,0.0,0
206,28.0,0.3509307272735592,0.4216000299013297,-50.05785941921563,30.0,2.0,8,42.97778078087666,False,True,19.66130760491005,28,16.598090036588506,560.935,in_progress,0.0,0
206,29.0,0.4480229005780013,0.3237155824026306,-48.45870748984363,-15.0,4.0,3,42.7167080861536,False,True,20.49193064846127,29,16.598090036588506,561.005,in_progress,0.0,0
206,30.0,0.5546265416986609,0.21510336212394893,-47.332986418774006,15.0,4.0,7,46.44870188977793,False,True,21.558943503788413,29,16.598090036588506,561.059,in_progress,0.0,0
206,31.0,0.670339442018072,0.09125570268885635,-46.866490380169,0.0,4.0,5,65.2629958538523,False,True,22.522481038627678,30,16.598090036588506,561.137,in_progress,0.0,0
206,32.0,0.8045685201281134,-0.030515360503657066,-44.06555641247229,30.0,4.0,9,43.982783209146625,False,True,23.46889870244028,30,16.598090036588506,561.203,in_progress,0.0,0
206,33.0,0.9837297709967193,-0.16388057321294847,-38.24719551444433,-30.0,4.0,1,34.21547971253748,False,True,24.46003344483017,31,16.598090036588506,561.263,in_progress,0.0,0
206,34.0,1.1254538027225132,-0.25837780337222194,-33.92465890078008,-15.0,4.0,3,24.7637752638297,False,True,25.311188138813538,31,16.598090036588506,561.333,in_progress,0.0,0
206,35.0,1.285802061689954,-0.3841460681115491,-34.81136470080163,-15.0,4.0,3,12.255313474322893,False,True,26.273657386109,32,16.598090036588506,561.395,in_progress,0.0,0
206,36.0,1.4454177055448638,-0.5240631407646329,-39.12084409759233,15.0,4.0,7,0.1,False,False,27.117025038664327,32,16.598090036588506,561.466,in_progress,0.0,0
206,37.0,1.6073579285056108,-0.6687479523616817,-41.61204139710092,30.0,4.0,9,0.1,False,False,28.057781277707388,33,16.598090036588506,561.53,in_progress,0.0,0
206,38.0,1.7944994420514104,-0.8098351717023053,-38.217613965091424,0.0,2.0,4,0.1,True,False,29.261930426771382,34,16.598090036588506,561.595,off_track,0.0,0
207,1.0,-1.415443976183119,1.7392404705578777,1.0221872791494566,0.0,2.0,4,0.0,False,True,0.8444358819007847,21,16.598090036588506,561.728,prepare,0.0,0
207,2.0,-1.41560485681515,1.7392760484845542,1.0107883458223716,-30.0,4.0,1,52.96402684216852,False,True,0.843470542040603,21,16.598090036588506,561.791,in_progress,0.0,0
207,3.0,-1.4072891823953562,1.737403675049167,0.5033339541073661,-30.0,4.0,1,52.76508112334858,False,True,0.8933639363344237,21,16.598090036588506,561.871,in_progress,0.0,0
207,4.0,-1.3843321769183405,1.726100247176453,-2.3283073683364046,15.0,4.0,7,51.64470658507329,False,True,1.0364971468762085,21,16.598090036588506,561.927,in_progress,0.0,0
207,5.0,-1.3506465652181614,1.7101785090477621,-5.757165389347204,-30.0,4.0,1,50.162578374615954,False,True,1.2447215517466081,21,16.598090036588506,561.996,in_progress,0.0,0
207,6.0,-1.3046015639071267,1.6898572134586771,-10.222287269947604,-15.0,2.0,2,48.28084322593592,False,True,1.5288348436713228,21,16.598090036588506,562.071,in_progress,0.0,0
207,7.0,-1.2473839000190188,1.6497992855946568,-16.901444846384738,-30.0,2.0,0,44.46221884625628,False,True,1.8871178912540587,22,16.598090036588506,562.121,in_progress,0.0,0
207,8.0,-1.192378457592798,1.5989823820359554,-24.373340114855413,15.0,2.0,6,39.583922022338186,False,True,2.2358966803353644,22,16.598090036588506,562.192,in_progress,0.0,0
207,9.0,-1.130672082945036,1.5416139611428945,-30.547908171165194,30.0,4.0,9,34.2439502226965,False,True,2.99687540201925,22,16.598090036588506,562.265,in_progress,0.0,0
207,10.0,-1.0444977937691584,1.4855146836810151,-31.417562641024244,15.0,4.0,7,32.29951176860742,False,True,3.6059970463523827,22,16.598090036588506,562.335,in_progress,0.0,0
207,11.0,-0.9367190199159964,1.43615804111402,-28.463848925902504,0.0,4.0,5,39.88682849374258,False,True,4.319736129538238,23,16.598090036588506,562.4,in_progress,0.0,0
207,12.0,-0.8107112321395035,1.3882761480012131,-24.879249505000445,-15.0,4.0,3,36.28637233832967,False,True,5.49798065317309,23,16.598090036588506,562.473,in_progress,0.0,0
207,13.0,-0.6876270052359987,1.3345465907077754,-24.31319080207908,-15.0,4.0,3,40.73892772329727,False,True,6.267176637654492,24,16.598090036588506,562.527,in_progress,0.0,0
207,14.0,-0.5520016662607177,1.259164581310439,-26.94355150405156,-30.0,4.0,1,46.199386856422095,False,True,7.253854789939473,24,16.598090036588506,562.601,in_progress,0.0,0
207,15.0,-0.4185748589636623,1.1696065633045751,-30.950404009682963,-30.0,4.0,1,50.97587620619725,False,True,8.179754460195953,25,16.598090036588506,562.664,in_progress,0.0,0
207,16.0,-0.2848495313563022,1.061831077297986,-35.77921427343034,-30.0,2.0,0,50.729870644585894,False,True,9.186461216479941,25,16.598090036588506,562.734,in_progress,0.0,0
207,17.0,-0.1367195716999264,0.9194349475355126,-42.47801419775108,-15.0,4.0,3,47.55556149473226,False,True,10.434109769510691,26,16.598090036588506,562.803,in_progress,0.0,0
207,18.0,-0.021412530874540578,0.7958044053556087,-46.16141004643272,0.0,2.0,4,47.019094330483604,False,True,11.452088298277452,27,16.598090036588506,562.869,in_progress,0.0,0
207,19.0,0.08845111067346595,0.6593758032517403,-51.050893749355836,15.0,2.0,6,47.47676575990928,False,True,12.496272085343879,27,16.598090036588506,562.93,in_progress,0.0,0
207,20.0,0.19159514394927357,0.5358897595125177,-52.24022029894032,-15.0,4.0,3,47.29074701272153,False,True,13.465586974396043,28,16.598090036588506,562.993,in_progress,0.0,0
207,21.0,0.29519717415156144,0.41413705984064325,-51.39441105665364,30.0,2.0,8,47.556840617476645,False,True,14.458508689032323,28,16.598090036588506,563.075,in_progress,0.0,0
207,22.0,0.39665391190926336,0.2807729494505625,-52.45257701301333,30.0,2.0,8,49.38410236819566,False,True,15.46025916838073,29,16.598090036588506,563.132,in_progress,0.0,0
207,23.0,0.48487453153815346,0.17860728998605463,-50.861779561241775,0.0,4.0,5,64.81405449055435,False,True,16.288432577568013,29,16.598090036588506,563.206,in_progress,0.0,0
207,24.0,0.6001424298290359,0.04384280570558924,-50.226883534948556,-15.0,2.0,2,45.341507622864796,False,True,17.280071715278567,30,16.598090036588506,563.274,in_progress,0.0,0
207,25.0,0.6912890790023732,-0.08400812172260202,-52.46658001482394,15.0,4.0,7,36.456762707034464,False,True,17.863458952745926,30,16.598090036588506,563.333,in_progress,0.0,0
207,26.0,0.77596722613275,-0.2046164618383493,-53.614876287695004,-15.0,4.0,3,26.357089784872272,False,True,18.50702335076995,30,16.598090036588506,563.398,in_progress,0.0,0
207,27.0,0.8755250150384959,-0.3424000692021783,-54.37886583516126,-30.0,4.0,1,14.939613125609036,False,True,19.258896400721635,31,16.598090036588506,563.46,in_progress,0.0,0
207,28.0,0.9659387765856242,-0.5027301151189701,-58.42625574740567,15.0,2.0,6,0.000305243126496213,False,False,19.446598787596947,31,16.598090036588506,563.531,in_progress,0.0,0
207,29.0,1.0412071159165854,-0.6535555809590793,-62.92119934447724,15.0,2.0,6,0.1,False,False,19.79236247472698,31,16.598090036588506,563.604,in_progress,0.0,0
207,30.0,1.138446501020701,-0.8155045767915033,-61.66011732313329,-15.0,2.0,2,0.1,True,False,20.373587119727077,31,16.598090036588506,563.674,off_track,0.0,0
208,1.0,-0.6602245624593451,1.4707827398455977,-41.73584628644323,-15.0,4.0,3,0.0,False,True,0.8449434317684634,24,16.598090036588506,563.805,prepare,0.0,0
208,2.0,-0.6604969373411727,1.4708687940874101,-41.80968027952951,-30.0,4.0,1,52.569824013925114,False,True,0.8433727980300953,24,16.598090036588506,563.864,in_progress,0.0,0
208,3.0,-0.6527908706683836,1.4680774725390535,-40.94132854119866,-30.0,4.0,1,52.34622188747211,False,True,0.8892376886164011,24,16.598090036588506,563.931,in_progress,0.0,0
208,4.0,-0.6417444939377226,1.4547756239151015,-41.49556238317177,-15.0,2.0,2,52.643994180263384,False,True,0.9922289516982263,24,16.598090036588506,564.0,in_progress,0.0,0
208,5.0,-0.6258361336829303,1.423488566227489,-44.49256589387006,-30.0,2.0,0,51.46216212398795,False,True,1.1891294094409643,24,16.598090036588506,564.066,in_progress,0.0,0
208,6.0,-0.6098331664195844,1.3738339817040133,-50.11688272207283,30.0,2.0,8,48.90361036050082,False,True,1.4600111369815871,24,16.598090036588506,564.129,in_progress,0.0,0
208,7.0,-0.5918357410648111,1.3217227155013405,-54.693358535229926,15.0,2.0,6,47.01983989737995,False,True,1.810040609174407,24,16.598090036588506,564.189,in_progress,0.0,0
208,8.0,-0.549153561067103,1.261164516581661,-54.724528913241166,-15.0,4.0,3,46.546656725847185,False,True,2.25533995388934,24,16.598090036588506,564.261,in_progress,0.0,0
208,9.0,-0.5004694659029578,1.1911991671495756,-55.174650227825566,30.0,2.0,8,45.95102403081703,False,True,2.767422845731854,25,16.598090036588506,564.341,in_progress,0.0,0
208,10.0,-0.4486819376149803,1.1132788702540508,-55.9426913512866,30.0,4.0,9,45.09756490316,False,True,3.328480789181232,25,16.598090036588506,564.407,in_progress,0.0,0
208,11.0,-0.38138640049092287,1.0384876241914593,-52.897884596165206,-15.0,4.0,3,46.06268936389927,False,True,3.9543410642738697,25,16.598090036588506,564.466,in_progress,0.0,0
208,12.0,-0.31011890862259783,0.9673360137684216,-49.604336180445095,0.0,4.0,5,59.454851773578305,False,True,4.554204504429732,26,16.598090036588506,564.536,in_progress,0.0,0
208,13.0,-0.2254989059907683,0.8609195326995351,-50.61569008117266,-30.0,2.0,0,47.82656911085512,False,True,5.347982976908078,26,16.598090036588506,564.609,in_progress,0.0,0
208,14.0,-0.15373657356058565,0.7514934113816614,-53.09863074232045,-15.0,4.0,3,46.05329406443431,False,True,6.128972574910351,27,16.598090036588506,564.665,in_progress,0.0,0
208,15.0,-0.09359598769760342,0.6376997294109298,-57.39679482186339,30.0,2.0,8,43.11671843453515,False,True,6.883743308936818,27,16.598090036588506,564.722,in_progress,0.0,0
208,16.0,-0.03705132155361869,0.5171840439892756,-61.82197775186562,0.0,4.0,5,49.70635225383208,False,True,7.680402390190349,27,16.598090036588506,564.786,in_progress,0.0,0
208,17.0,0.0327399221556766,0.3738558139603513,-63.37124286885627,30.0,4.0,9,36.066096212131626,False,True,8.614975993595042,28,16.598090036588506,564.862,in_progress,0.0,0
208,18.0,0.0951521681636539,0.23746409278425817,-64.4772199294447,15.0,4.0,7,31.28708828922473,False,True,9.375818631152931,28,16.598090036588506,564.924,in_progress,0.0,0
208,19.0,0.17989742980651008,0.08629244223203976,-62.25495328589033,0.0,2.0,4,26.468668707374484,False,True,10.383784386102974,29,16.598090036588506,564.986,in_progress,0.0,0
208,20.0,0.27259501123326224,-0.05862521655856466,-59.32189352268299,0.0,4.0,5,26.38754224475184,False,True,10.817392274394416,29,16.598090036588506,565.066,in_progress,0.0,0
208,21.0,0.3750644543034475,-0.20985441614494477,-57.17918864038265,-15.0,4.0,3,12.383677210958533,False,True,11.786667484940288,30,16.598090036588506,565.128,in_progress,0.0,0
208,22.0,0.4777589976506128,-0.3671133679251373,-57.050999191189646,-30.0,4.0,1,0.003297109089917649,False,False,12.602746920716351,30,16.598090036588506,565.203,in_progress,0.0,0
208,23.0,0.5770642023908362,-0.55258028661392,-60.57255067566397,15.0,4.0,7,0.1,False,False,12.746071338375314,30,16.598090036588506,565.266,in_progress,0.0,0
208,24.0,0.6666751340106831,-0.7336114749946742,-63.156777094301326,30.0,4.0,9,0.1,True,False,13.490628280345824,30,16.598090036588506,565.337,off_track,0.0,0
209,1.0,-0.1394487731356166,0.8271113742912753,-53.569243350422,-15.0,4.0,3,0.0,False,True,0.8423507115973616,26,16.598090036588506,565.451,prepare,0.0,0
209,2.0,-0.13960714924969936,0.827204362209534,-53.5814052000856,0.0,2.0,4,52.09052614613678,False,True,0.8413011876931498,26,16.598090036588506,565.533,in_progress,0.0,0
209,3.0,-0.13337455260808062,0.8212173136219545,-53.18305456240414,-15.0,2.0,2,52.16744029277937,False,True,0.8931685139218715,26,16.598090036588506,565.598,in_progress,0.0,0
209,4.0,-0.12171953773533284,0.8019298834025469,-53.687000866237184,30.0,2.0,8,51.7799314180109,False,True,1.0268883644458937,26,16.598090036588506,565.663,in_progress,0.0,0
209,5.0,-0.09429603049740774,0.774199734496295,-52.31683801113908,15.0,4.0,7,52.02727282644416,False,True,1.261401083037167,27,16.598090036588506,565.73,in_progress,0.0,0
209,6.0,-0.057592964755918324,0.7505830073653987,-48.864161438271026,0.0,2.0,4,52.7198123970571,False,True,1.5140069054565775,27,16.598090036588506,565.801,in_progress,0.0,0
209,7.0,-0.0056548714255663934,0.714677099548779,-45.355466650211056,-15.0,2.0,2,51.175544201703396,False,True,1.8827510713471107,27,16.598090036588506,565.862,in_progress,0.0,0
209,8.0,0.055393219329579746,0.662666019304574,-43.919051474876156,30.0,2.0,8,49.83027163457425,False,True,2.354798455329632,27,16.598090036588506,565.926,in_progress,0.0,0
209,9.0,0.11517206821712367,0.612284610058482,-42.731565766331904,15.0,4.0,7,48.38313583366013,False,True,2.8177942777810605,27,16.598090036588506,566.0,in_progress,0.0,0
209,10.0,0.20547472318818166,0.5558302097498458,-38.38387242433836,-15.0,4.0,3,44.9547598935063,False,True,3.4255699242621507,28,16.598090036588506,566.07,in_progress,0.0,0
209,11.0,0.29700622953429245,0.5023444157351861,-35.36593957121323,-30.0,4.0,1,41.393452417487694,False,True,4.08642576517555,28,16.598090036588506,566.138,in_progress,0.0,0
209,12.0,0.3976260337018569,0.42114898299347114,-37.13803250952683,15.0,2.0,6,39.59968195164889,False,True,4.8600766721723865,29,16.598090036588506,566.209,in_progress,0.0,0
209,13.0,0.5042285863428236,0.3296952990249206,-39.06395551508827,-15.0,4.0,3,38.65291818359955,False,True,5.969956965373202,29,16.598090036588506,566.266,in_progress,0.0,0
209,14.0,0.6000466456053414,0.2586952009412673,-37.90327382039642,30.0,4.0,9,40.49192128950576,False,True,6.6797385686245825,30,16.598090036588506,566.335,in_progress,0.0,0
209,15.0,0.7106259218471832,0.17582560656667978,-37.270418796250745,0.0,4.0,5,53.54902535235466,False,True,7.501466155196823,30,16.598090036588506,566.403,in_progress,0.0,0
209,16.0,0.8373118399482623,0.0943696638390327,-34.84148078700019,0.0,2.0,4,48.292023833877515,False,True,8.513768449974924,30,16.598090036588506,566.457,in_progress,0.0,0
209,17.0,0.9598725260436108,0.012914727903176645,-34.1765703877154,0.0,4.0,5,64.32003065996045,False,True,9.334513029255687,31,16.598090036588506,566.534,in_progress,0.0,0
209,18.0,1.0972726188981152,-0.07560736130613237,-33.396559834734425,30.0,2.0,8,43.02931008496476,False,True,10.146613392927195,31,16.598090036588506,566.592,in_progress,0.0,0
209,19.0,1.2381832604700882,-0.15637052664119142,-31.56256162467119,-15.0,2.0,2,35.01316465004416,False,True,10.993259065545956,32,16.598090036588506,566.668,in_progress,0.0,0
209,20.0,1.3725800612824604,-0.23059888967602182,-30.329945078220607,-30.0,2.0,0,27.306294796540513,False,True,11.747797931160065,32,16.598090036588506,566.729,in_progress,0.0,0
209,21.0,1.4973240379915809,-0.3122197060430976,-31.88054506459513,-15.0,4.0,3,18.663649059567984,False,True,12.479511891014683,33,16.598090036588506,566.796,in_progress,0.0,0
209,22.0,1.6176115143517342,-0.4001930056870359,-34.135713554997004,15.0,4.0,7,9.422112944129923,False,True,13.239703791338309,33,16.598090036588506,566.866,in_progress,0.0,0
209,23.0,1.7527175223313791,-0.4970478324932683,-34.861645546319075,0.0,4.0,5,0.125,False,False,14.043320765780177,33,16.598090036588506,566.927,in_progress,0.0,0
209,24.0,1.9083856555326253,-0.5893595825303014,-32.307494474289854,-15.0,4.0,3,0.1,False,False,15.220418292887727,34,16.598090036588506,567.003,in_progress,0.0,0
209,25.0,2.0690259339005523,-0.6855728066810902,-31.681331587600468,-15.0,2.0,2,0.1,True,False,16.214999517631014,35,16.598090036588506,567.069,off_track,0.0,0
210,1.0,0.4192445514372944,0.2135246799313392,-45.62463538631337,-15.0,4.0,3,0.0,False,True,0.8405577686676935,29,16.598090036588506,567.206,prepare,0.0,0
210,2.0,0.41903841033675177,0.2136705129188895,-45.60240299896202,0.0,4.0,5,65.01731810023081,False,True,0.8390500642495802,29,16.598090036588506,567.268,in_progress,0.0,0
210,3.0,0.4223835831819256,0.21063965214361374,-45.5777692763715,0.0,4.0,5,64.85842112453064,False,True,0.8653711737645842,29,16.598090036588506,567.331,in_progress,0.0,0
210,4.0,0.435348851799017,0.19924810092828849,-45.06040007948235,0.0,4.0,5,64.29310770555011,False,True,0.9663944195544616,29,16.598090036588506,567.39,in_progress,0.0,0
210,5.0,0.45474972447728085,0.1795954333641354,-45.11164639624794,0.0,4.0,5,63.18822980300563,False,True,1.1248400783169465,29,16.598090036588506,567.461,in_progress,0.0,0
210,6.0,0.48383782009663734,0.15064760913181136,-45.10040656243034,0.0,2.0,4,49.33204011276988,False,True,1.3609550887699107,29,16.598090036588506,567.538,in_progress,0.0,0
210,7.0,0.529307640964834,0.10697261137758889,-44.84387676305489,-30.0,4.0,1,47.60145419515443,False,True,1.7256458614468118,30,16.598090036588506,567.591,in_progress,0.0,0
210,8.0,0.5739752094183649,0.05666252704648453,-45.839041100828766,30.0,4.0,9,45.24699716298026,False,True,2.104577213147707,30,16.598090036588506,567.656,in_progress,0.0,0
210,9.0,0.6194234884028371,-0.0041411999286098955,-48.126286652707584,15.0,2.0,6,42.06193578218584,False,True,2.516972710284937,30,16.598090036588506,567.729,in_progress,0.0,0
210,10.0,0.6835402536138266,-0.06217862615176835,-46.1345304421696,30.0,4.0,9,38.46326752387165,False,True,2.79173159197984,30,16.598090036588506,567.786,in_progress,0.0,0
210,11.0,0.7716904209433308,-0.12250094281762092,-41.274163532375745,0.0,2.0,4,34.301914758676354,False,True,3.384107020957261,30,16.598090036588506,567.861,in_progress,0.0,0
210,12.0,0.8525268940615777,-0.1735942563032435,-37.45310053812889,15.0,2.0,6,30.97957537832573,False,True,3.922310306040777,31,16.598090036588506,567.941,in_progress,0.0,0
210,13.0,0.9696165566563664,-0.2440838100311062,-34.30409933340043,15.0,2.0,6,26.16765017189827,False,True,4.446598787596945,31,16.598090036588506,568.007,in_progress,0.0,0
210,14.0,1.089844725042977,-0.29869470591145764,-29.666825362287902,-15.0,4.0,3,20.716688228197427,False,True,5.095504285228635,31,16.598090036588506,568.072,in_progress,0.0,0
210,15.0,1.1918017761793434,-0.3455353107865081,-27.825032661365046,-15.0,2.0,2,16.07620153189438,False,True,5.708432209248615,32,16.598090036588506,568.13,in_progress,0.0,0
210,16.0,1.3168246706812945,-0.4225669053635329,-29.826066157009095,15.0,2.0,6,8.341685335419136,False,True,6.366830386665834,32,16.598090036588506,568.194,in_progress,0.0,0
210,17.0,1.4150723059082218,-0.4833438060300119,-30.58998992244125,30.0,2.0,8,0.0018852386352777974,False,False,6.9439518868196215,32,16.598090036588506,568.265,in_progress,0.0,0
210,18.0,1.5505061827848867,-0.5491579928172768,-28.065477274619663,-30.0,4.0,1,0.1,False,False,7.743751699943003,33,16.598090036588506,568.33,in_progress,0.0,0
210,19.0,1.6771773213473034,-0.6039441558962277,-25.92479269863579,30.0,4.0,9,0.1,False,False,8.576972247196423,33,16.598090036588506,568.397,in_progress,0.0,0
210,20.0,1.8017957590211868,-0.6656272836515592,-25.79785029810005,0.0,4.0,5,0.125,True,False,9.321133135908255,34,16.598090036588506,568.46,off_track,0.0,0
211,1.0,1.2127616721214844,0.022630580820773898,0.2315892437160675,-15.0,2.0,2,0.0,False,True,0.8452026876238805,32,16.598090036588506,568.594,prepare,0.0,0
211,2.0,1.212473311593686,0.022811155707377104,0.2710413374818409,-15.0,4.0,3,52.92087191861329,False,True,0.843470542040603,32,16.598090036588506,568.67,in_progress,0.0,0
211,3.0,1.2214708363080444,0.023903080969582397,0.628213789972782,-15.0,4.0,3,52.82405623236976,False,True,0.8977092491637917,32,16.598090036588506,568.73,in_progress,0.0,0
211,4.0,1.2406518534959003,0.021843591345778447,0.14480464070529048,30.0,2.0,8,52.83619595929968,False,True,1.013210852159907,32,16.598090036588506,568.798,in_progress,0.0,0
211,5.0,1.2755161476033974,0.021616466388704698,0.04742925083155321,15.0,4.0,7,52.82843325526747,False,True,1.223252064767133,32,16.598090036588506,568.851,in_progress,0.0,0
211,6.0,1.3258060146506103,0.03408095787434616,2.8979622232347926,30.0,2.0,8,52.0487830110959,False,True,1.5286838709814732,32,16.598090036588506,568.926,in_progress,0.0,0
211,7.0,1.3813694624014543,0.06469916839775353,9.166239566132324,15.0,4.0,7,49.20787224409454,False,True,1.8704118845875861,32,16.598090036588506,568.991,in_progress,0.0,0
211,8.0,1.443871303932919,0.1051341702498632,15.963023319981911,-30.0,2.0,0,45.41333190987138,False,True,2.256227262696775,33,16.598090036588506,569.06,in_progress,0.0,0
211,9.0,1.5203624536507123,0.1416838355095997,19.657489264534334,-15.0,2.0,2,42.06204707607842,False,True,2.725343503192401,33,16.598090036588506,569.131,in_progress,0.0,0
211,10.0,1.6224822518181918,0.16615970290096033,17.19055445902595,-30.0,2.0,0,39.95015647539132,False,True,3.3289390778872496,33,16.598090036588506,569.202,in_progress,0.0,0
211,11.0,1.7198130297504979,0.17523750324359605,12.820841109452514,-30.0,2.0,0,39.20525715644856,False,True,3.9162062110904783,33,16.598090036588506,569.264,in_progress,0.0,0
211,12.0,1.840102463225927,0.16994352160298762,6.094266346380827,-15.0,2.0,2,39.93572648175288,False,True,4.640253213791667,34,16.598090036588506,569.328,in_progress,0.0,0
211,13.0,1.9492608352514091,0.15288605662237725,0.020296903631358578,15.0,2.0,6,41.531852643516956,False,True,5.251336465435186,34,16.598090036588506,569.402,in_progress,0.0,0
211,14.0,2.0807282219390486,0.13238806021580687,-4.007107503268063,-30.0,4.0,1,42.91268826246794,False,True,6.048422492237515,35,16.598090036588506,569.468,in_progress,0.0,0
211,15.0,2.2030548609570317,0.11912346150058763,-5.241410380928375,-30.0,2.0,0,43.63204766937322,False,True,6.788405326057701,35,16.598090036588506,569.532,in_progress,0.0,0
211,16.0,2.3358464733133584,0.08686609267069628,-9.374014025809918,-15.0,2.0,2,44.62200690181077,False,True,7.540055889927255,35,16.598090036588506,569.596,in_progress,0.0,0
211,17.0,2.47214619766109,0.04283005850020578,-13.566396806732905,-30.0,4.0,1,46.46887924271715,False,True,8.394857863805116,36,16.598090036588506,569.651,in_progress,0.0,0
211,18.0,2.5958847421198104,-0.004271604959972024,-17.241998534314263,-30.0,4.0,1,47.08899784762932,False,True,9.113831167401898,36,16.598090036588506,569.73,in_progress,0.0,0
211,19.0,2.738428061073257,-0.07616839867105639,-22.641808755673065,0.0,4.0,5,59.550569482930186,False,True,10.074052493281515,37,16.598090036588506,569.806,in_progress,0.0,0
211,20.0,2.9054441935303266,-0.16810618920421708,-27.02579026492768,-15.0,4.0,3,45.27010514762683,False,True,11.104079901785779,37,16.598090036588506,569.865,in_progress,0.0,0
211,21.0,3.0582024190244943,-0.25061134878765934,-28.04051191165185,0.0,4.0,5,49.78654641949444,False,True,12.098895256478137,38,16.598090036588506,569.934,in_progress,0.0,0
211,22.0,3.2441454932877756,-0.3529182129910967,-28.313315721241253,0.0,2.0,4,28.819167669560454,False,True,12.744711850485825,38,16.598090036588506,569.998,in_progress,0.0,0
211,23.0,3.422709614364436,-0.4369736103031017,-26.305572347931527,-15.0,4.0,3,14.490978810884048,False,True,13.555421435270365,39,16.598090036588506,570.064,in_progress,0.0,0
211,24.0,3.6084361062472476,-0.5263838614810223,-26.133427749938352,-15.0,4.0,3,0.1,False,False,14.265472864215612,39,16.598090036588506,570.136,in_progress,0.0,0
211,25.0,3.778451582613493,-0.6257097960793784,-28.90028111988943,30.0,2.0,8,0.1,False,False,14.265472864215612,39,16.598090036588506,570.195,in_progress,0.0,0
211,26.0,3.942803894045809,-0.7293442158069867,-32.455682977772575,0.0,4.0,5,0.125,True,False,14.661111429491413,39,16.598090036588506,570.268,off_track,0.0,0
212,1.0,2.0422855862778793,0.04306471168825815,1.007606484251651,30.0,2.0,8,0.0,False,True,0.8429625991214218,34,16.598090036588506,570.403,prepare,0.0,0
212,2.0,2.042071861693415,0.04306232546525787,1.0057823875210232,-30.0,4.0,1,52.02973891369743,False,True,0.8416771347843244,34,16.598090036588506,570.461,in_progress,0.0,0
212,3.0,2.04676474462449,0.04441838939784582,1.4822288793948362,-30.0,4.0,1,51.87052069664877,False,True,0.8695251404902682,34,16.598090036588506,570.524,in_progress,0.0,0
212,4.0,2.058957610884677,0.03810168229321736,-0.02599171885540564,-30.0,4.0,1,52.439582682057726,False,True,0.9447298231849199,35,16.598090036588506,570.603,in_progress,0.0,0
212,5.0,2.0903093829797075,0.019168465292953366,-4.4732749791139845,-30.0,4.0,1,51.67492521897743,False,True,1.1388848796894724,35,16.598090036588506,570.664,in_progress,0.0,0
212,6.0,2.1322122306317293,-0.008222364210813935,-10.061478118546221,-30.0,4.0,1,49.12932520599036,False,True,1.3989849351675354,35,16.598090036588506,570.74,in_progress,0.0,0
212,7.0,2.183815196527346,-0.05192839948043423,-17.739158023218273,-30.0,2.0,0,45.00249252576754,False,True,1.7221857737199309,35,16.598090036588506,570.797,in_progress,0.0,0
212,8.0,2.232999167821696,-0.10872967380529086,-26.711736564691286,30.0,2.0,8,39.980816898633975,False,True,2.1347893168013,35,16.598090036588506,570.86,in_progress,0.0,0
212,9.0,2.286539036530985,-0.1635461511030717,-32.398689122052566,0.0,4.0,5,44.32039639858913,False,True,2.50987227745737,35,16.598090036588506,570.935,in_progress,0.0,0
212,10.0,2.364317606431193,-0.22424260579719302,-34.950583881734794,30.0,2.0,8,30.75132665266988,False,True,3.034923753120078,36,16.598090036588506,570.994,in_progress,0.0,0
212,11.0,2.452308691711843,-0.2806695228080226,-34.17588003260657,30.0,4.0,9,26.857523779388405,False,True,3.9822985028630242,36,16.598090036588506,571.068,in_progress,0.0,0
212,12.0,2.5621751381873707,-0.33165465064978394,-30.095668022994957,-30.0,4.0,1,26.159555006323664,False,True,4.711784448501922,37,16.598090036588506,571.136,in_progress,0.0,0
212,13.0,2.6839519724212564,-0.3822166307840025,-26.54333377243076,-30.0,4.0,1,27.70605233726825,False,True,6.11703503154184,37,16.598090036588506,571.199,in_progress,0.0,0
212,14.0,2.7950650405961137,-0.44924342968581843,-28.709155079895368,30.0,2.0,8,30.97072195579431,False,True,6.871230904991544,38,16.598090036588506,571.265,in_progress,0.0,0
212,15.0,2.905285084367403,-0.5252949762911674,-32.96700814973437,-30.0,4.0,1,37.36211806553377,False,True,8.110303972298826,38,16.598090036588506,571.343,in_progress,0.0,0
212,16.0,3.044196417514139,-0.6195580873485889,-34.770617845828745,-30.0,2.0,0,48.131493478151256,False,True,8.90663307963223,39,16.598090036588506,571.396,in_progress,0.0,0
212,17.0,3.1465827957213652,-0.7061816097209123,-37.43953045608982,0.0,4.0,5,59.896867239221095,False,True,9.521203822264734,39,16.598090036588506,571.464,in_progress,0.0,0
212,18.0,3.265008618671646,-0.808124736222742,-39.45435665842442,-15.0,4.0,3,36.08558949946015,False,True,10.135442921775672,39,16.598090036588506,571.534,in_progress,0.0,0
212,19.0,3.400511523533266,-0.9292269565405358,-41.09358435247448,30.0,2.0,8,22.628597158972504,False,True,10.865119203403372,40,16.598090036588506,571.597,in_progress,0.0,0
212,20.0,3.5199278439188832,-1.0418148847015456,-43.626093348866064,-15.0,2.0,2,10.16835469310014,False,True,11.12400118482163,40,16.598090036588506,571.669,in_progress,0.0,0
212,21.0,3.639207355981853,-1.149290166194537,-43.155803891074555,-15.0,4.0,3,0.1,False,False,11.306527288042412,40,16.598090036588506,571.726,in_progress,0.0,0
212,22.0,3.749889104657146,-1.2660159796627297,-45.157580413362915,0.0,4.0,5,0.125,False,False,11.81092208778135,40,16.598090036588506,571.799,in_progress,0.0,0
212,23.0,3.8631297289072273,-1.3976523569462385,-47.52319537435452,-15.0,4.0,3,0.1,True,False,12.39799228306172,41,16.598090036588506,571.868,off_track,0.0,0
213,1.0,2.837990001787521,-0.1677342464049211,-23.39318364717846,15.0,2.0,6,0.0,False,True,0.8220483418313274,37,16.598090036588506,571.998,prepare,0.0,0
213,2.0,2.837890539496038,-0.16782920822298825,-23.43039578784187,-15.0,4.0,3,50.23924170152456,False,True,0.8220489889666727,37,16.598090036588506,572.065,in_progress,0.0,0
213,3.0,2.8479480650245095,-0.1711391030360491,-23.146009845686674,-15.0,4.0,3,49.71174768732556,False,True,0.8782924948448123,37,16.598090036588506,572.137,in_progress,0.0,0
213,4.0,2.8661744020684083,-0.17980978753139215,-23.294278425717494,-15.0,4.0,3,48.947185338610616,False,True,0.9918717258857845,37,16.598090036588506,572.194,in_progress,0.0,0
213,5.0,2.8976378279433526,-0.1993784465282839,-24.534999724591167,-30.0,2.0,0,47.958372448602674,False,True,1.208002607165315,37,16.598090036588506,572.264,in_progress,0.0,0
213,6.0,2.934375834231231,-0.2360348394396977,-28.662888445316145,0.0,4.0,5,59.655765709212034,False,True,1.5205773948079204,38,16.598090036588506,572.336,in_progress,0.0,0
213,7.0,2.9797485638360337,-0.284442166948884,-33.340016808566105,0.0,4.0,5,59.716241522482264,False,True,1.920291271978214,38,16.598090036588506,572.397,in_progress,0.0,0
213,8.0,3.0479940182767664,-0.32804058842066336,-33.159521864827866,0.0,4.0,5,57.64687160488471,False,True,2.394116927257406,38,16.598090036588506,572.452,in_progress,0.0,0
213,9.0,3.135305637609336,-0.3706336522432665,-30.48972446665064,-30.0,4.0,1,39.77548895136993,False,True,2.64613124003491,38,16.598090036588506,572.529,in_progress,0.0,0
213,10.0,3.231744009653788,-0.4231682096790203,-29.787974097729347,0.0,4.0,5,40.08534789607462,False,True,3.124929142873023,38,16.598090036588506,572.598,in_progress,0.0,0
213,11.0,3.330545672451643,-0.48734686367511815,-31.09918525325969,-15.0,4.0,3,24.88465241801973,False,True,3.674877619140182,39,16.598090036588506,572.666,in_progress,0.0,0
213,12.0,3.446894691633683,-0.5624633508943525,-32.10357042030293,15.0,2.0,6,16.43881281486429,False,True,4.265472864215603,39,16.598090036588506,572.736,in_progress,0.0,0
213,13.0,3.5742276862812252,-0.6422358193288012,-33.23183721195556,0.0,4.0,5,6.388390428833053,False,True,4.265472864215603,39,16.598090036588506,572.8,in_progress,0.0,0
213,14.0,3.709387256817626,-0.7089133895824588,-29.531426153760922,15.0,2.0,6,0.1,False,False,4.537915115661651,39,16.598090036588506,572.864,in_progress,0.0,0
213,15.0,3.8504644906611047,-0.7607131162397059,-23.81983723063086,0.0,2.0,4,0.1,False,False,4.850060961169311,39,16.598090036588506,572.927,in_progress,0.0,0
213,16.0,3.9867541659379206,-0.8017061744238644,-19.15113969838381,30.0,2.0,8,0.1,True,False,5.097096751906172,39,16.598090036588506,572.997,off_track,0.0,0
214,1.0,3.1017209938069263,-0.9257680214579584,-89.92971473514156,-30.0,4.0,1,0.0,False,True,0.8441455867236436,40,16.598090036588506,573.125,prepare,0.0,0
214,2.0,3.1014979920536705,-0.9256559935655162,-89.9957267063043,-30.0,4.0,1,52.525282651233454,False,True,0.843470542040603,40,16.598090036588506,573.196,in_progress,0.0,0
214,3.0,3.1030791458064755,-0.9357986008527025,-89.47178762586285,-15.0,4.0,3,52.38192232124705,False,True,0.9045783271163454,40,16.598090036588506,573.262,in_progress,0.0,0
214,4.0,3.103838359567858,-0.9611108399226065,-89.38723465910711,-30.0,4.0,1,52.36413797884393,False,True,1.0570795821895351,40,16.598090036588506,573.324,in_progress,0.0,0
214,5.0,3.097487158939356,-0.9956276555037105,-90.99059803245117,-30.0,4.0,1,52.28854622510332,False,True,1.2664519655166906,40,16.598090036588506,573.396,in_progress,0.0,0
214,6.0,3.079349138546964,-1.0509642709227602,-94.96280976236899,-30.0,4.0,1,52.289038988752736,False,True,1.6168188295989316,40,16.598090036588506,573.465,in_progress,0.0,0
214,7.0,3.051893900489222,-1.1091376964661777,-100.15457465395762,-30.0,4.0,1,50.98034709116861,False,True,1.9983616320467523,40,16.598090036588506,573.53,in_progress,0.0,0
214,8.0,3.007172254753322,-1.180724569690857,-107.33770682393705,-30.0,4.0,1,48.425371871348815,False,True,2.4851091046350637,41,16.598090036588506,573.595,in_progress,0.0,0
214,9.0,2.9470643289194616,-1.2529405097669057,-115.41225700341357,-30.0,4.0,1,45.22905054963884,False,True,3.175293523842071,41,16.598090036588506,573.662,in_progress,0.0,0
214,10.0,2.857139694210529,-1.3323267576748385,-126.17363025335126,-30.0,4.0,1,42.87073900093487,False,True,3.8858719472989245,41,16.598090036588506,573.734,in_progress,0.0,0
214,11.0,2.7418094621003233,-1.4060644622583702,-139.11779828269383,-30.0,4.0,1,38.681693440404025,False,True,5.01257354732394,42,16.598090036588506,573.805,in_progress,0.0,0
214,12.0,2.6203391725966885,-1.460498652351071,-152.1586711252101,-15.0,2.0,2,37.844090241924064,False,True,5.812965543772242,43,16.598090036588506,573.864,in_progress,0.0,0
214,13.0,2.5029474992661496,-1.4972388854331302,-165.47707413018597,-15.0,4.0,3,36.191118753704984,False,True,6.8117044692592055,43,16.598090036588506,573.942,in_progress,0.0,0
214,14.0,2.353296700439475,-1.527451051466573,-179.97435189869722,0.0,2.0,4,36.060189472392764,False,True,7.731419650241778,44,16.598090036588506,573.995,in_progress,0.0,0
214,15.0,2.2177744093314926,-1.534931685102469,166.1607200079245,15.0,2.0,6,34.32568057334374,False,True,8.700756484447247,44,16.598090036588506,574.071,in_progress,0.0,0
214,16.0,2.0961962659792177,-1.5364077534044944,155.628541528977,15.0,2.0,6,33.66509266196627,False,True,9.432087447797455,44,16.598090036588506,574.144,in_progress,0.0,0
214,17.0,1.9567812696961542,-1.5280989329772434,145.6577090632431,0.0,2.0,4,31.915005141863467,False,True,10.266526812441224,45,16.598090036588506,574.211,in_progress,0.0,0
214,18.0,1.8394860023733741,-1.509811235090856,138.49279134387524,-15.0,4.0,3,30.062034657798797,False,True,11.066250402164268,45,16.598090036588506,574.268,in_progress,0.0,0
214,19.0,1.725981173391069,-1.4763730040538143,132.64114201594103,-15.0,2.0,2,26.767530593919535,False,True,11.750773946877812,46,16.598090036588506,574.335,in_progress,0.0,0
214,20.0,1.61596230263897,-1.4251720884314734,124.51319892705537,-30.0,4.0,1,21.801459370945718,False,True,12.47319318538107,46,16.598090036588506,574.403,in_progress,0.0,0
214,21.0,1.514207530596375,-1.3613627517284401,116.62833387625327,15.0,4.0,7,15.77734658811515,False,True,13.099136029378878,46,16.598090036588506,574.479,in_progress,0.0,0
214,22.0,1.4127029493744594,-1.2725994177291238,106.08210066855257,-15.0,4.0,3,7.258467998830143,False,True,13.728756592685365,47,16.598090036588506,574.541,in_progress,0.0,0
214,23.0,1.3299650630607833,-1.1745215899146868,95.38022956842399,30.0,2.0,8,0.1,False,True,14.253531407233378,47,16.598090036588506,574.602,in_progress,0.0,0
214,24.0,1.2789938427315877,-1.0956780644480195,85.67568124582345,-30.0,2.0,0,0.1,False,False,14.577685621213277,47,16.598090036588506,574.667,in_progress,0.0,0
214,25.0,1.2235770107531645,-0.9922243054931621,73.5908820480692,-30.0,4.0,1,0.1,False,False,14.933995508262065,47,16.598090036588506,574.739,in_progress,0.0,0
214,26.0,1.1904782733481112,-0.89260133768257,61.17111909428353,15.0,4.0,7,0.1,True,False,15.155093508017792,48,16.598090036588506,574.796,off_track,0.0,0
215,1.0,2.6820116821216384,-1.5890061605950674,-152.27378530259924,15.0,2.0,6,0.0,False,True,0.844142797592462,43,16.598090036588506,574.929,prepare,0.0,0
215,2.0,2.6821184287751807,-1.5889694298128274,-152.28247002630104,-30.0,4.0,1,52.10812391564673,False,True,0.843470542040603,43,16.598090036588506,574.994,in_progress,0.0,0
215,3.0,2.67566757057251,-1.5941871187869148,-151.72864436103342,-30.0,4.0,1,51.97472396314053,False,True,0.892496939231191,43,16.598090036588506,575.063,in_progress,0.0,0
215,4.0,2.6544061527869127,-1.5975682687416841,-153.58097875734606,-30.0,4.0,1,51.68018715520149,False,True,1.0153683994170937,43,16.598090036588506,575.138,in_progress,0.0,0
215,5.0,2.613119756081981,-1.596467104658839,-158.16598934268347,-30.0,4.0,1,49.788453328171535,False,True,1.232481773601235,43,16.598090036588506,575.203,in_progress,0.0,0
215,6.0,2.5631604143974394,-1.5891074123931634,-164.18353593871805,-15.0,4.0,3,46.94072302893251,False,True,1.4783141996012494,43,16.598090036588506,575.271,in_progress,0.0,0
215,7.0,2.4983157089367096,-1.5778732555473565,-170.91721449102207,30.0,4.0,9,43.940231579792,False,True,1.9417524141237097,43,16.598090036588506,575.327,in_progress,0.0,0
215,8.0,2.4256743501659432,-1.5681931392356414,-176.08284761400168,0.0,2.0,4,41.49298155459002,False,True,2.3571577453267545,43,16.598090036588506,575.401,in_progress,0.0,0
215,9.0,2.325211810706354,-1.5635431800843684,-178.81223000623953,30.0,4.0,9,39.03896316488102,False,True,2.9427973299071986,44,16.598090036588506,575.475,in_progress,0.0,0
215,10.0,2.228056260021237,-1.5576942168782262,179.52279628926777,30.0,4.0,9,36.672644650242766,False,True,3.6484869569980427,44,16.598090036588506,575.533,in_progress,0.0,0
215,11.0,2.121335883508715,-1.5667253095625988,-178.3278356563446,15.0,2.0,6,36.85632256319328,False,True,4.293681260079696,44,16.598090036588506,575.604,in_progress,0.0,0
215,12.0,1.9991137073167913,-1.595584379264551,-172.97139995108245,15.0,4.0,7,38.92850702051599,False,True,5.040343627520061,45,16.598090036588506,575.672,in_progress,0.0,0
215,13.0,1.883036550760315,-1.63274812153159,-168.13003714584286,-30.0,2.0,0,42.33670121590402,False,True,5.801351395090282,45,16.598090036588506,575.735,in_progress,0.0,0
215,14.0,1.7557902013637685,-1.673759756642031,-164.09413158275606,-30.0,4.0,1,46.49308408230103,False,True,6.567139566958513,46,16.598090036588506,575.798,in_progress,0.0,0
215,15.0,1.622135908587472,-1.7021054405859135,-165.7662023261724,-30.0,4.0,1,49.456711936827105,False,True,7.378487979224413,46,16.598090036588506,575.862,in_progress,0.0,0
215,16.0,1.4628856580263396,-1.7136684277421583,-171.43711830003426,-30.0,4.0,1,51.16474340772883,False,True,8.334964451668082,47,16.598090036588506,575.926,in_progress,0.0,0
215,17.0,1.3130963964464644,-1.7065579395487098,-178.10539616866086,-15.0,2.0,2,50.97743455334252,False,True,9.238581544712144,47,16.598090036588506,575.991,in_progress,0.0,0
215,18.0,1.158072594320649,-1.6858874485050217,174.12353420483745,15.0,4.0,7,49.47264940686921,False,True,10.176476837544989,48,16.598090036588506,576.069,in_progress,0.0,0
215,19.0,0.9848822134731089,-1.6668503134510748,171.9024866462876,30.0,4.0,9,48.06923848556413,False,True,11.215186400738952,48,16.598090036588506,576.12,in_progress,0.0,0
215,20.0,0.803981442855351,-1.6654026531799972,176.43473451795958,-15.0,4.0,3,48.07377839614139,False,True,12.305110314604983,49,16.598090036588506,576.209,in_progress,0.0,0
215,21.0,0.5996726668947241,-1.6707688060001196,-179.42443755683587,30.0,2.0,8,48.364160850221275,False,True,13.52653181664123,49,16.598090036588506,576.265,in_progress,0.0,0
215,22.0,0.42900738724707926,-1.6670585224010255,-179.99766639959932,-15.0,4.0,3,47.55173877104911,False,True,14.55381926128646,50,16.598090036588506,576.329,in_progress,0.0,0
215,23.0,0.23501707510813644,-1.6598889403350476,178.0912308268484,-15.0,4.0,3,46.38862423572078,False,True,15.722415941712043,51,16.598090036588506,576.405,in_progress,0.0,0
215,24.0,0.027184603085452425,-1.6314176361404646,173.7840795526898,15.0,2.0,6,43.18875380138217,False,True,16.979468293123865,51,16.598090036588506,576.466,in_progress,0.0,0
215,25.0,-0.1725200013514605,-1.5949150801717251,168.8427285343882,15.0,2.0,6,39.3919711580727,False,True,18.18099602019926,52,16.598090036588506,576.539,in_progress,0.0,0
215,26.0,-0.36611984393766994,-1.573128978303701,169.58903349439962,15.0,2.0,6,37.278475708145955,False,True,19.35843223564313,53,16.598090036588506,576.604,in_progress,0.0,0
215,27.0,-0.5229281659478023,-1.5675690265085584,174.02429782179115,30.0,2.0,8,36.819876527937,False,True,20.312880945219945,53,16.598090036588506,576.671,in_progress,0.0,0
215,28.0,-0.6774828276984143,-1.5713945051119997,178.3109164913278,30.0,4.0,9,37.43531736840997,False,True,21.243587685871635,54,16.598090036588506,576.724,in_progress,0.0,0
215,29.0,-0.8310974129869277,-1.5851131923804427,-177.85467340612527,30.0,2.0,8,39.04617773004869,False,True,22.171754288204106,54,16.598090036588506,576.793,in_progress,0.0,0
215,30.0,-0.9842683078866595,-1.6115827331271426,-172.88699884982535,30.0,2.0,8,41.99651113060966,False,True,23.091231646725863,55,16.598090036588506,576.867,in_progress,0.0,0
215,31.0,-1.1331501628027119,-1.645549108618822,-169.3421848034893,30.0,4.0,9,45.68564135880976,False,True,23.982918610876602,55,16.598090036588506,576.944,in_progress,0.0,0
215,32.0,-1.3108167547709557,-1.704782240896923,-164.33899272916437,-15.0,4.0,3,51.91728283503103,False,True,25.04693813734194,0,16.598090036588506,576.998,in_progress,0.0,0
215,33.0,-1.4475700177937911,-1.7622103239805587,-160.2117210022963,-30.0,4.0,1,48.11671291894348,False,True,25.86808667263631,1,16.598090036588506,577.066,in_progress,0.0,0
215,34.0,-1.6185850223908291,-1.814721309661136,-161.71546767409163,15.0,4.0,7,42.76384378904611,False,True,26.89652899597955,2,16.598090036588506,577.131,in_progress,0.0,0
215,35.0,-1.7900670779474415,-1.8614947411009684,-163.6324085064529,-15.0,4.0,3,37.98013627893106,False,True,27.945185546066554,3,16.598090036588506,577.205,in_progress,0.0,0
215,36.0,-1.9725827301722048,-1.9174379260324643,-163.52284898689646,30.0,4.0,9,32.336346599109554,False,True,29.049145163139983,4,16.598090036588506,577.263,in_progress,0.0,0
215,37.0,-2.16471883992353,-1.9659605047517574,-164.907273224207,15.0,2.0,6,24.72220020248312,False,True,29.785683864572334,4,16.598090036588506,577.329,in_progress,0.0,0
215,38.0,-2.3480082591678784,-2.0257133013758133,-163.0460353507058,-30.0,2.0,0,13.843828396269576,False,True,30.762628235189865,5,16.598090036588506,577.392,in_progress,0.0,0
215,39.0,-2.5044136502584227,-2.078993552476165,-162.06657608986913,-30.0,4.0,1,4.825137727501899,False,True,31.329276719469476,5,16.598090036588506,577.466,in_progress,0.0,0
215,40.0,-2.6951303797652635,-2.1319358497435466,-163.64365435710627,0.0,4.0,5,0.125,False,False,31.329276719469476,5,16.598090036588506,577.519,in_progress,0.0,0
215,41.0,-2.8669431518329,-2.172378039380827,-165.47111873388417,-30.0,4.0,1,0.1,True,False,31.329276719469476,5,16.598090036588506,577.6,off_track,0.0,0
216,1.0,1.875731639912951,-1.7444593506178,-176.08124345230328,-30.0,2.0,0,0.0,False,True,0.8430739501127826,45,16.598090036588506,577.737,prepare,0.0,0
216,2.0,1.87586982667339,-1.7446829265521837,-176.01656654426657,0.0,4.0,5,65.51308401210552,False,True,0.842236830141152,45,16.598090036588506,577.797,in_progress,0.0,0
216,3.0,1.8663848761497888,-1.7434863812589838,-176.40342268105087,-30.0,4.0,1,52.5277921088723,False,True,0.8994058352785994,45,16.598090036588506,577.857,in_progress,0.0,0
216,4.0,1.8494233865644047,-1.735386402553911,-178.5980763892571,-30.0,2.0,0,52.61503348912283,False,True,1.0017605307309108,45,16.598090036588506,577.933,in_progress,0.0,0
216,5.0,1.8190887443243131,-1.7112075909685882,175.5125178302176,30.0,2.0,8,50.21034674415369,False,True,1.1850144710323973,45,16.598090036588506,577.995,in_progress,0.0,0
216,6.0,1.7762499162123544,-1.688293188345796,170.92086594948955,30.0,2.0,8,47.9375296503016,False,True,1.4435771710265999,46,16.598090036588506,578.074,in_progress,0.0,0
216,7.0,1.714426110999021,-1.6833019582701194,172.03736539996856,30.0,2.0,8,47.4652578571578,False,True,1.8161526527512462,46,16.598090036588506,578.133,in_progress,0.0,0
216,8.0,1.6484704446467615,-1.6937467593476958,176.5060161893568,-30.0,2.0,0,48.53859133427474,False,True,2.2133054691386156,46,16.598090036588506,578.197,in_progress,0.0,0
216,9.0,1.5725725306126004,-1.7049725907183315,-179.93922907998774,-15.0,4.0,3,49.91518649677014,False,True,2.6763236739411167,46,16.598090036588506,578.26,in_progress,0.0,0
216,10.0,1.4900671875773552,-1.7009477792111176,179.13486082954,0.0,2.0,4,49.79915318752598,False,True,3.1739415473928667,47,16.598090036588506,578.329,in_progress,0.0,0
216,11.0,1.389043897845282,-1.6756199983084359,173.99524417712547,-15.0,2.0,2,47.61834256625497,False,True,3.7874854774505473,47,16.598090036588506,578.398,in_progress,0.0,0
216,12.0,1.2794014441994443,-1.6371839642641908,168.39108258313289,-15.0,4.0,3,44.16649528375369,False,True,4.4566448861057655,47,16.598090036588506,578.46,in_progress,0.0,0
216,13.0,1.176391749109049,-1.5890508200457472,162.6793677490703,15.0,2.0,6,39.72904443446364,False,True,5.087387379427211,48,16.598090036588506,578.541,in_progress,0.0,0
216,14.0,1.0510449657980057,-1.5309427998711398,158.39370445134736,30.0,2.0,8,34.37557966117276,False,True,5.854801636013285,48,16.598090036588506,578.604,in_progress,0.0,0
216,15.0,0.936200114296482,-1.4952527675023326,160.20890746770186,30.0,4.0,9,30.9502465598817,False,True,6.517099681065853,48,16.598090036588506,578.667,in_progress,0.0,0
216,16.0,0.8115529010368745,-1.4673948781951696,163.6577205545224,0.0,4.0,5,35.33428290516171,False,True,7.269446855196804,49,16.598090036588506,578.738,in_progress,0.0,0
216,17.0,0.6552893892401119,-1.4308359880266042,165.153814596368,15.0,2.0,6,24.52279137863403,False,True,8.153801805303695,49,16.598090036588506,578.796,in_progress,0.0,0
216,18.0,0.5268715470426665,-1.3945994385946516,164.56663973305038,-15.0,2.0,2,20.56812705399395,False,True,8.921524585160622,50,16.598090036588506,578.853,in_progress,0.0,0
216,19.0,0.37968771862918127,-1.3551408333698656,164.68226376826703,0.0,4.0,5,20.3133930082587,False,True,9.809363036557029,50,16.598090036588506,578.927,in_progress,0.0,0
216,20.0,0.24029421022522632,-1.3052962172216336,162.38476906671124,15.0,2.0,6,10.950524876172556,False,True,10.642148217404646,51,16.598090036588506,578.998,in_progress,0.0,0
216,21.0,0.10146638894334833,-1.249861058593622,160.03179428216342,-30.0,2.0,0,0.005092712214261164,False,False,11.470761753830505,51,16.598090036588506,579.057,in_progress,0.0,0
216,22.0,-0.03224629176616657,-1.1883336817582855,157.54756184136153,30.0,4.0,9,0.1,False,False,12.317878061589493,51,16.598090036588506,579.13,in_progress,0.0,0
216,23.0,-0.18906047504331458,-1.1155832646212058,156.7364192133555,30.0,4.0,9,0.1,False,False,13.259400374962238,52,16.598090036588506,579.208,in_progress,0.0,0
216,24.0,-0.3675195300318195,-1.062901081292391,161.28974014648745,15.0,2.0,6,0.1,False,False,14.383054063634193,53,16.598090036588506,579.267,in_progress,0.0,0
216,25.0,-0.5263493740844554,-1.036120780037187,167.91830799574487,-30.0,2.0,0,0.1,True,False,15.381700060741066,53,16.598090036588506,579.327,off_track,0.0,0
217,1.0,1.0460441975411927,-1.7168813192680323,177.85101483385242,-30.0,4.0,1,0.0,False,True,0.8441908473405535,48,16.598090036588506,579.463,prepare,0.0,0
217,2.0,1.0461564913708437,-1.71708317710081,177.91690527827677,0.0,4.0,5,66.24389615835207,False,True,0.843470542040603,48,16.598090036588506,579.527,in_progress,0.0,0
217,3.0,1.0394298648825144,-1.7180913499184773,178.44104007635028,0.0,2.0,4,52.869804275690555,False,True,0.8837494858158546,48,16.598090036588506,579.596,in_progress,0.0,0
217,4.0,1.0176255262685927,-1.7174742139421117,178.58718156605232,30.0,4.0,9,52.885050376289875,False,True,1.0153774587375541,48,16.598090036588506,579.658,in_progress,0.0,0
217,5.0,0.9805533688564136,-1.7199688346163775,-179.93796765586234,-15.0,4.0,3,52.60434384358768,False,True,1.2385962618120083,48,16.598090036588506,579.737,in_progress,0.0,0
217,6.0,0.9339295661267506,-1.7255475985118778,-178.60411926893826,-15.0,2.0,2,52.00718152388123,False,True,1.5192047142378207,48,16.598090036588506,579.793,in_progress,0.0,0
217,7.0,0.8791112107094893,-1.7115835570926154,177.9554545561285,-15.0,4.0,3,52.62970542829205,False,True,1.850164079111094,48,16.598090036588506,579.858,in_progress,0.0,0
217,8.0,0.8080821619047974,-1.685501581003603,172.5887870999683,30.0,2.0,8,50.08021832792797,False,True,2.279395080881863,49,16.598090036588506,579.932,in_progress,0.0,0
217,9.0,0.7397968876720187,-1.664264506401575,168.75296376202655,30.0,2.0,8,48.01294038550499,False,True,2.6918525002159743,49,16.598090036588506,579.995,in_progress,0.0,0
217,10.0,0.6385067624106232,-1.6569634277131544,171.36954577512768,15.0,2.0,6,47.084550390112284,False,True,3.290471460002664,49,16.598090036588506,580.058,in_progress,0.0,0
217,11.0,0.5505572145212959,-1.6646639055403334,175.94931633328554,30.0,2.0,8,47.626811477090115,False,True,3.821380172174771,50,16.598090036588506,580.123,in_progress,0.0,0
217,12.0,0.441112099985001,-1.6863086259744027,-177.8194205114883,30.0,2.0,8,49.50742027494247,False,True,4.483945765121444,50,16.598090036588506,580.204,in_progress,0.0,0
217,13.0,0.3202197989886968,-1.7297885805581161,-169.6042033336226,-30.0,2.0,0,52.42847406137157,False,True,5.2187768073579495,50,16.598090036588506,580.272,in_progress,0.0,0
217,14.0,0.20373263479037057,-1.77580977224374,-164.07802543093055,-30.0,2.0,0,48.091325250041315,False,True,5.926699039646632,51,16.598090036588506,580.33,in_progress,0.0,0
217,15.0,0.09565504683647516,-1.800690929427418,-165.10174620072476,-30.0,4.0,1,45.831080183958655,False,True,6.574462281175553,51,16.598090036588506,580.401,in_progress,0.0,0
217,16.0,-0.030037817099181963,-1.8128659220563275,-169.43527402528073,-30.0,2.0,0,44.70627104416822,False,True,7.33225448751309,51,16.598090036588506,580.469,in_progress,0.0,0
217,17.0,-0.17450159224928383,-1.8060013931152776,-176.31925990010657,-30.0,2.0,0,45.49919968623322,False,True,8.202290519221943,52,16.598090036588506,580.516,in_progress,0.0,0
217,18.0,-0.28810704686576893,-1.7895383231273891,178.44578077745416,-30.0,2.0,0,47.120220185654446,False,True,8.881561567620988,52,16.598090036588506,580.584,in_progress,0.0,0
217,19.0,-0.4301309615671186,-1.7557533285999953,172.3450829126517,30.0,2.0,8,50.42409648074093,False,True,9.738285875049002,53,16.598090036588506,580.662,in_progress,0.0,0
217,20.0,-0.5618981592878229,-1.7198910627912942,168.2825354111227,30.0,2.0,8,52.10908353763032,False,True,10.533822714785323,53,16.598090036588506,580.738,in_progress,0.0,0
217,21.0,-0.7042488098964079,-1.6999825623797091,169.8845082682506,30.0,2.0,8,50.333002823210684,False,True,11.393164177190618,54,16.598090036588506,580.799,in_progress,0.0,0
217,22.0,-0.8373530948102899,-1.6942559043475964,173.52620875792442,0.0,2.0,4,49.970712168409264,False,True,12.196392007354973,54,16.598090036588506,580.853,in_progress,0.0,0
217,23.0,-0.9643999441513629,-1.6896299749644053,175.37829789796868,0.0,2.0,4,49.760278958431144,False,True,12.962224788128228,54,16.598090036588506,580.929,in_progress,0.0,0
217,24.0,-1.099508761713468,-1.6759349267749584,174.81396876199582,15.0,4.0,7,48.659107823060396,False,True,13.777703555994758,55,16.598090036588506,580.998,in_progress,0.0,0
217,25.0,-1.2509182964878451,-1.6653915192236277,175.64289468701062,-15.0,2.0,2,47.87455515776745,False,True,14.69025482826616,56,16.598090036588506,581.073,in_progress,0.0,0
217,26.0,-1.4125792060052547,-1.6581982507949558,176.5998300660187,-30.0,4.0,1,47.43670515649489,False,True,15.664835317840428,1,16.598090036588506,581.125,in_progress,0.0,0
217,27.0,-1.5436271444799623,-1.6445967557820085,175.367494407717,-15.0,4.0,3,46.176428938378066,False,True,16.450986970048433,2,16.598090036588506,581.202,in_progress,0.0,0
217,28.0,-1.7067623338299853,-1.6097586524283147,171.00970959086766,-30.0,4.0,1,42.78827017339218,False,True,17.435065058816505,3,16.598090036588506,581.264,in_progress,0.0,0
217,29.0,-1.8770965205494712,-1.5506286969797358,164.26696606283528,15.0,2.0,6,36.483670417569556,False,True,18.444821489986694,3,16.598090036588506,581.334,in_progress,0.0,0
217,30.0,-2.053013837617337,-1.486728473873417,159.36132857008963,-15.0,4.0,3,29.68212732875465,False,True,19.866617086293232,4,16.598090036588506,581.394,in_progress,0.0,0
217,31.0,-2.210431020432446,-1.4301096016015011,158.82259606965113,-30.0,2.0,0,27.91823839261869,False,True,20.870517074665443,5,16.598090036588506,581.466,in_progress,0.0,0
217,32.0,-2.35835263194237,-1.3595960699811571,156.24425904718964,-30.0,4.0,1,33.2889783147855,False,True,22.608135462669438,6,16.598090036588506,581.535,in_progress,0.0,0
217,33.0,-2.5040178611486503,-1.2753492286661094,152.51013811126646,-30.0,4.0,1,42.11613846444291,False,True,23.833448419912315,6,16.598090036588506,581.603,in_progress,0.0,0
217,34.0,-2.6657943661812817,-1.1528615645162656,145.5845400847781,-15.0,4.0,3,52.57780642186465,False,True,24.897179176465727,7,16.598090036588506,581.659,in_progress,0.0,0
217,35.0,-2.7989269200774674,-1.034038309871278,139.4676385724847,-30.0,2.0,0,43.465917256869815,False,True,25.79284307050021,7,16.598090036588506,581.737,in_progress,0.0,0
217,36.0,-2.93609088787936,-0.8964572865105447,132.93014734921914,-15.0,2.0,2,33.65827283314026,False,True,26.80048209684071,8,16.598090036588506,581.803,in_progress,0.0,0
217,37.0,-3.0527566811514513,-0.7708082954550962,128.22969062796184,0.0,2.0,4,24.657320151236405,False,True,27.600600483165366,8,16.598090036588506,581.863,in_progress,0.0,0
217,38.0,-3.1582199196026934,-0.6442573725500024,124.70604016170164,-15.0,4.0,3,16.650112479283624,False,True,28.467549454466507,9,16.598090036588506,581.928,in_progress,0.0,0
217,39.0,-3.2459095860102876,-0.520933313538854,122.80169352194856,0.0,4.0,5,12.77832239301241,False,True,29.268427711203557,9,16.598090036588506,581.996,in_progress,0.0,0
217,40.0,-3.335036581467145,-0.35912756761243037,119.62254287673964,-30.0,4.0,1,0.004272400495737772,False,False,30.322154688942447,10,16.598090036588506,582.07,in_progress,0.0,0
217,41.0,-3.408926877308963,-0.18550069764982308,115.40868269589734,30.0,2.0,8,0.0005722766524154044,False,False,31.54437787502306,11,16.598090036588506,582.138,in_progress,0.0,0
217,42.0,-3.4593204838601217,-0.03366151697938266,109.49359751986111,15.0,4.0,7,0.1,False,False,32.603507290610565,11,16.598090036588506,582.207,in_progress,0.0,0
217,43.0,-3.5323699536831694,0.160156063834438,107.6972334896184,15.0,2.0,6,0.1,False,False,33.84277451977614,12,16.598090036588506,582.269,in_progress,0.0,0
217,44.0,-3.60290006048871,0.31227610487683094,110.53186889615588,30.0,4.0,9,0.1,False,False,34.78233216471294,12,16.598090036588506,582.34,in_progress,0.0,0
217,45.0,-3.6909011813104096,0.468196905960758,116.32105607866218,30.0,2.0,8,0.1,False,False,35.81733433692868,13,16.598090036588506,582.403,in_progress,0.0,0
217,46.0,-3.7892898118324307,0.6132921528304862,122.37784960976983,-30.0,4.0,1,0.1,True,False,36.36557500404229,13,16.598090036588506,582.457,off_track,0.0,0
218,1.0,0.2162664543610721,-1.7264738269406663,-178.71229077495502,-30.0,4.0,1,0.0,False,True,0.8444593222491248,51,16.598090036588506,582.598,prepare,0.0,0
218,2.0,0.21642968245698516,-1.7264327336635592,-178.6996169961727,-30.0,4.0,1,52.99900987557968,False,True,0.8434705420406141,51,16.598090036588506,582.662,in_progress,0.0,0
218,3.0,0.204358766373156,-1.7265524028859704,-178.6175950387185,30.0,2.0,8,52.9835212973329,False,True,0.9161929038325356,51,16.598090036588506,582.733,in_progress,0.0,0
218,4.0,0.18525540873518379,-1.739036456496455,-175.71539503079137,-15.0,4.0,3,51.80955628481504,False,True,1.0329638756159554,51,16.598090036588506,582.797,in_progress,0.0,0
218,5.0,0.14778333562139354,-1.7538293540249454,-173.2652505087998,-30.0,4.0,1,50.41550300109756,False,True,1.26068967205073,51,16.598090036588506,582.874,in_progress,0.0,0
218,6.0,0.08861768786748306,-1.748506216192508,-176.08518455104004,0.0,4.0,5,63.81824680850231,False,True,1.6145467144238035,51,16.598090036588506,582.93,in_progress,0.0,0
218,7.0,0.030798265997588975,-1.7386035449215786,-179.34814197597623,30.0,4.0,9,52.087460425767304,False,True,1.9624482136626598,51,16.598090036588506,582.997,in_progress,0.0,0
218,8.0,-0.03923494788286687,-1.7428687084086982,-178.56616202476457,-15.0,4.0,3,51.712582069041645,False,True,2.384561221112813,51,16.598090036588506,583.053,in_progress,0.0,0
218,9.0,-0.11946500217153887,-1.7584705966194918,-175.45784774792543,0.0,4.0,5,62.76447356353471,False,True,2.868608870979017,52,16.598090036588506,583.134,in_progress,0.0,0
218,10.0,-0.23420344492217893,-1.7741900216117956,-174.1020567580559,0.0,4.0,5,60.8541673643618,False,True,3.557295201225008,52,16.598090036588506,583.199,in_progress,0.0,0
218,11.0,-0.35057281569007337,-1.7900418677526606,-173.3283662329438,-30.0,2.0,0,47.03706572012242,False,True,4.257883484984548,52,16.598090036588506,583.262,in_progress,0.0,0
218,12.0,-0.47097249270528885,-1.7921510275655699,-175.73800756069525,-30.0,2.0,0,46.762930926541316,False,True,4.983189223768248,53,16.598090036588506,583.324,in_progress,0.0,0
218,13.0,-0.6098006909781667,-1.7750768037897846,178.77534992490152,0.0,2.0,4,48.299875807699216,False,True,5.8173865960031375,53,16.598090036588506,583.399,in_progress,0.0,0
218,14.0,-0.7402429901177543,-1.7534528264573939,174.6993906861348,0.0,4.0,5,62.83227408402422,False,True,6.605146495868974,54,16.598090036588506,583.457,in_progress,0.0,0
218,15.0,-0.8648055945179274,-1.738881257805601,174.10861277480518,-15.0,2.0,2,51.51291712896315,False,True,7.356421662739221,54,16.598090036588506,583.52,in_progress,0.0,0
218,16.0,-1.0084519216869814,-1.7178407096372663,172.92054991635666,0.0,4.0,5,65.83524864265239,False,True,8.224204894949871,55,16.598090036588506,583.594,in_progress,0.0,0
218,17.0,-1.148112820154863,-1.6932504142993123,171.55695880854722,0.0,2.0,4,50.48109160559915,False,True,9.068041408744854,55,16.598090036588506,583.667,in_progress,0.0,0
218,18.0,-1.2958793708936598,-1.6736974241918972,171.99848096985065,-15.0,4.0,3,48.783273775707436,False,True,9.960222250985339,56,16.598090036588506,583.725,in_progress,0.0,0
218,19.0,-1.434614313227198,-1.6518618517511956,171.35235460715273,30.0,2.0,8,46.83908180486949,False,True,10.793960463104,1,16.598090036588506,583.794,in_progress,0.0,0
218,20.0,-1.5987013098919636,-1.614758701407789,168.5454858470044,15.0,2.0,6,43.224946342221095,False,True,11.783853514285227,2,16.598090036588506,583.872,in_progress,0.0,0
218,21.0,-1.7728281568028228,-1.592313613679419,170.99997806314389,30.0,2.0,8,40.95774322629222,False,True,12.819986713341251,3,16.598090036588506,583.93,in_progress,0.0,0
218,22.0,-1.9119821600559268,-1.5869337416448699,174.3264010478883,-15.0,4.0,3,40.01042365031813,False,True,13.657861029692342,4,16.598090036588506,583.997,in_progress,0.0,0
218,23.0,-2.0525856623951086,-1.5811796534344067,175.68621612623943,0.0,4.0,5,48.815898441686016,False,True,14.719863142804613,4,16.598090036588506,584.067,in_progress,0.0,0
218,24.0,-2.2202053681274863,-1.5611058306070904,174.22573091163972,0.0,2.0,4,40.78924465157707,False,True,15.727406704454054,5,16.598090036588506,584.127,in_progress,0.0,0
218,25.0,-2.3749056389375136,-1.535251190177808,171.85535790389633,-15.0,4.0,3,46.46981090210491,False,True,16.909409631306318,5,16.598090036588506,584.197,in_progress,0.0,0
218,26.0,-2.5651976583001286,-1.4849694394959687,167.22433785832825,30.0,2.0,8,46.319813214560945,False,True,17.91854645860454,6,16.598090036588506,584.271,in_progress,0.0,0
218,27.0,-2.7340708368832214,-1.4304072281384843,163.2140416295809,15.0,2.0,6,35.27404248526799,False,True,18.524837576353832,6,16.598090036588506,584.335,in_progress,0.0,0
218,28.0,-2.87950364480474,-1.3920102816943394,163.65632660537364,30.0,2.0,8,23.546848860722307,False,True,19.084386334318523,6,16.598090036588506,584.394,in_progress,0.0,0
218,29.0,-3.0420738069984217,-1.358614054730402,166.2878208927632,30.0,4.0,9,10.19389433875036,False,True,19.65717891721293,7,16.598090036588506,584.465,in_progress,0.0,0
218,30.0,-3.195149277679763,-1.3420369876344869,170.7015853386665,0.0,2.0,4,0.1,False,False,20.022578783167205,7,16.598090036588506,584.524,in_progress,0.0,0
218,31.0,-3.3472506268992146,-1.3386436007584683,177.27118520460465,-15.0,4.0,3,0.1,False,False,20.022578783167205,7,16.598090036588506,584.592,in_progress,0.0,0
218,32.0,-3.509153678030563,-1.3343306232244727,-179.8433607522356,15.0,2.0,6,0.1,True,False,20.098984876933017,7,16.598090036588506,584.661,off_track,0.0,0
219,1.0,-0.6135020911700457,-1.7292807191576685,179.74636850246296,15.0,4.0,7,0.0,False,True,0.8438385366975831,53,16.598090036588506,584.8,prepare,0.0,0
219,2.0,-0.6134323431038409,-1.7290357639694205,179.69825360794974,30.0,2.0,8,52.89799621886348,False,True,0.8434405875887285,53,16.598090036588506,584.857,in_progress,0.0,0
219,3.0,-0.6227398037643873,-1.7286615525561795,179.50194909520675,30.0,2.0,8,52.921412963802304,False,True,0.8995436689723912,53,16.598090036588506,584.932,in_progress,0.0,0
219,4.0,-0.6432709093163895,-1.7421672179884162,-177.17544492723135,-15.0,4.0,3,51.54011659207774,False,True,1.0220000953205077,53,16.598090036588506,585.008,in_progress,0.0,0
219,5.0,-0.6768564185451348,-1.763397890139017,-172.82315694736482,-15.0,2.0,2,49.36677067928878,False,True,1.2223968809832453,54,16.598090036588506,585.061,in_progress,0.0,0
219,6.0,-0.7163004117611527,-1.7701016757690173,-172.40270663987474,-30.0,4.0,1,48.63713681194224,False,True,1.4594035798220162,54,16.598090036588506,585.132,in_progress,0.0,0
219,7.0,-0.7753682339659933,-1.7732442587236206,-173.60274510537786,-15.0,4.0,3,48.234065010962105,False,True,1.8149493651727244,54,16.598090036588506,585.193,in_progress,0.0,0
219,8.0,-0.8489511853293896,-1.7684090181542496,-176.5991270095848,-15.0,2.0,2,48.592166462399206,False,True,2.2573920118858393,54,16.598090036588506,585.252,in_progress,0.0,0
219,9.0,-0.9274034708644382,-1.7557161857788757,179.5676868957801,0.0,4.0,5,62.13200387246485,False,True,2.7314744841184346,54,16.598090036588506,585.331,in_progress,0.0,0
219,10.0,-1.0409373982557197,-1.739421726674521,176.35895295224816,30.0,2.0,8,51.10955301697129,False,True,3.4173053203905623,55,16.598090036588506,585.405,in_progress,0.0,0
219,11.0,-1.1515072289116632,-1.7350231282569424,176.8036034034874,-15.0,4.0,3,51.336154583743095,False,True,4.084101252341565,55,16.598090036588506,585.464,in_progress,0.0,0
219,12.0,-1.2711560631190797,-1.7384501573689168,178.68942233256394,30.0,2.0,8,50.784558965208205,False,True,4.804490781701098,56,16.598090036588506,585.528,in_progress,0.0,0
219,13.0,-1.39506400543472,-1.7395788939239543,179.23064010605626,30.0,2.0,8,50.45531979602376,False,True,5.550778045195187,1,16.598090036588506,585.597,in_progress,0.0,0
219,14.0,-1.5313620664080245,-1.759365955341867,-176.36571312756445,0.0,4.0,5,60.439043349240286,False,True,6.373008568396983,2,16.598090036588506,585.662,in_progress,0.0,0
219,15.0,-1.667547081479852,-1.7815525048137668,-173.5817787770048,-30.0,4.0,1,46.05150158185144,False,True,7.192690585477251,3,16.598090036588506,585.724,in_progress,0.0,0
219,16.0,-1.8017282527863716,-1.7841605332938064,-176.46199270477365,-30.0,2.0,0,45.71092587175748,False,True,8.00930272454076,3,16.598090036588506,585.796,in_progress,0.0,0
219,17.0,-1.9585563271265014,-1.7674337481894336,177.9012151085318,-30.0,4.0,1,47.3351737058305,False,True,8.952750527403524,4,16.598090036588506,585.859,in_progress,0.0,0
219,18.0,-2.1029837347509504,-1.7421297985321387,173.73761619028548,-30.0,4.0,1,47.969035794542556,False,True,9.767757335220736,4,16.598090036588506,585.925,in_progress,0.0,0
219,19.0,-2.2822654359529384,-1.6890736032146456,167.09150999680222,-30.0,2.0,0,48.12422779250053,False,True,10.893641877311637,5,16.598090036588506,585.998,in_progress,0.0,0
219,20.0,-2.4414604089523055,-1.6259146132527014,161.09341234305165,-15.0,4.0,3,45.1411955140138,False,True,11.789437145767948,5,16.598090036588506,586.064,in_progress,0.0,0
219,21.0,-2.5993233416976236,-1.5537548323172454,156.54787421321046,15.0,2.0,6,38.848481826808076,False,True,12.75961546664935,6,16.598090036588506,586.138,in_progress,0.0,0
219,22.0,-2.7425665379860242,-1.4804982868992866,152.55017507674722,-15.0,4.0,3,32.60615466401879,False,True,13.2680248783806,6,16.598090036588506,586.204,in_progress,0.0,0
219,23.0,-2.890273906472774,-1.4076585859441504,152.3555622889642,15.0,4.0,7,21.911362934745682,False,True,14.023532097868383,6,16.598090036588506,586.265,in_progress,0.0,0
219,24.0,-3.0570911480477836,-1.3301223982614392,154.29918221402545,-15.0,4.0,3,10.028498506071932,False,True,14.850634152183304,7,16.598090036588506,586.332,in_progress,0.0,0
219,25.0,-3.2626553345608427,-1.2401496719833602,155.77221305417018,30.0,2.0,8,0.1,False,False,15.281186632306316,7,16.598090036588506,586.402,in_progress,0.0,0
219,26.0,-3.408140966497947,-1.1681536844602565,153.60341350663222,30.0,4.0,9,0.1,False,False,15.918392101761142,7,16.598090036588506,586.466,in_progress,0.0,0
219,27.0,-3.5849440455579056,-1.0934503712421986,155.76910474157532,15.0,4.0,7,0.1,True,False,16.618100016580257,8,16.598090036588506,586.533,off_track,0.0,0
